step	replicate	block	rows	columns	hypothesis_seed	value
0	0	0	6	2	-8310167931672973347	-0.45228914348773136
0	0	0	6	2	-8310167931672973347	-0.20851211008321457
0	0	0	6	2	-8310167931672973347	2.822619394317716
0	0	0	6	2	-8310167931672973347	-0.7001681449951912
0	0	0	6	2	-8310167931672973347	1.2540177203260068
0	0	0	6	2	-8310167931672973347	0.623814260642595
0	0	0	6	2	-8310167931672973347	-0.35843050463171855
0	0	0	6	2	-8310167931672973347	-0.021592357945106305
0	0	0	6	2	-8310167931672973347	0.2960719455165467
0	0	0	6	2	-8310167931672973347	-0.6314029497581527
0	0	0	6	2	-8310167931672973347	-0.5319135039556625
0	0	0	6	2	-8310167931672973347	-0.06910329299782436
0	0	1	6	3	-8310167931672973347	-0.9325198973167831
0	0	1	6	3	-8310167931672973347	-1.2219429454106772
0	0	1	6	3	-8310167931672973347	0.5117299864988887
0	0	1	6	3	-8310167931672973347	-0.63885689698261
0	0	1	6	3	-8310167931672973347	1.2179357565489166
0	0	1	6	3	-8310167931672973347	1.9523509845181877
0	0	1	6	3	-8310167931672973347	1.1632114126518578
0	0	1	6	3	-8310167931672973347	2.5199613091299833
0	0	1	6	3	-8310167931672973347	-0.6096912921273435
0	0	1	6	3	-8310167931672973347	-0.5360245059857737
0	0	1	6	3	-8310167931672973347	0.09230174754941459
0	0	1	6	3	-8310167931672973347	0.11378347218500776
0	0	1	6	3	-8310167931672973347	-0.06458616996792352
0	0	1	6	3	-8310167931672973347	-0.16180664931908276
0	0	1	6	3	-8310167931672973347	-0.7418673267863369
0	0	1	6	3	-8310167931672973347	-1.1299395807619117
0	0	1	6	3	-8310167931672973347	0.3842943731736801
0	0	1	6	3	-8310167931672973347	-1.1090180522405853
0	1	0	6	2	-8310167931672973347	1.2050455212709648
0	1	0	6	2	-8310167931672973347	-1.1350816148785001
0	1	0	6	2	-8310167931672973347	-1.7744438399358322
0	1	0	6	2	-8310167931672973347	1.3515185016726636
0	1	0	6	2	-8310167931672973347	-0.550863836682338
0	1	0	6	2	-8310167931672973347	0.6534973090418594
0	1	0	6	2	-8310167931672973347	-0.37116193492094957
0	1	0	6	2	-8310167931672973347	-0.5017727869878895
0	1	0	6	2	-8310167931672973347	1.4728687419509516
0	1	0	6	2	-8310167931672973347	0.9812066931236938
0	1	0	6	2	-8310167931672973347	0.6569332047213493
0	1	0	6	2	-8310167931672973347	0.2690557012372474
0	1	1	6	3	-8310167931672973347	1.0519161036177502
0	1	1	6	3	-8310167931672973347	0.386771346242511
0	1	1	6	3	-8310167931672973347	2.3715014793547526
0	1	1	6	3	-8310167931672973347	-0.5261275514144675
0	1	1	6	3	-8310167931672973347	0.5113026721633777
0	1	1	6	3	-8310167931672973347	1.6356800556065922
0	1	1	6	3	-8310167931672973347	0.7644656770677491
0	1	1	6	3	-8310167931672973347	-0.8384922618819391
0	1	1	6	3	-8310167931672973347	-1.0672861922380859
0	1	1	6	3	-8310167931672973347	-1.1111314168028867
0	1	1	6	3	-8310167931672973347	-0.722919045147049
0	1	1	6	3	-8310167931672973347	-1.0180705232572633
0	1	1	6	3	-8310167931672973347	-1.094091948103918
0	1	1	6	3	-8310167931672973347	-0.40075128743772215
0	1	1	6	3	-8310167931672973347	0.9162797416413139
0	1	1	6	3	-8310167931672973347	1.3130853518442354
0	1	1	6	3	-8310167931672973347	1.223484438539308
0	1	1	6	3	-8310167931672973347	-1.0856160480076804
0	2	0	6	2	-8310167931672973347	0.8660440602208878
0	2	0	6	2	-8310167931672973347	-0.5237680778299219
0	2	0	6	2	-8310167931672973347	-1.1117943497421645
0	2	0	6	2	-8310167931672973347	0.4398047446458151
0	2	0	6	2	-8310167931672973347	0.9219990239078866
0	2	0	6	2	-8310167931672973347	0.6085358408024195
0	2	0	6	2	-8310167931672973347	-1.0134078732022072
0	2	0	6	2	-8310167931672973347	1.0757363682535077
0	2	0	6	2	-8310167931672973347	-0.5505663606441796
0	2	0	6	2	-8310167931672973347	-0.6928796432631852
0	2	0	6	2	-8310167931672973347	-1.21071538000035
0	2	0	6	2	-8310167931672973347	-0.20080528872288259
0	2	1	6	3	-8310167931672973347	-2.126341659571781
0	2	1	6	3	-8310167931672973347	-0.8006478620115826
0	2	1	6	3	-8310167931672973347	1.7652738957849623
0	2	1	6	3	-8310167931672973347	-1.2533357556724154
0	2	1	6	3	-8310167931672973347	-0.5042613188592024
0	2	1	6	3	-8310167931672973347	-0.9181852956217288
0	2	1	6	3	-8310167931672973347	0.020069579798628046
0	2	1	6	3	-8310167931672973347	0.47474608940104207
0	2	1	6	3	-8310167931672973347	-0.08674031982984036
0	2	1	6	3	-8310167931672973347	-1.2261983645327785
0	2	1	6	3	-8310167931672973347	0.17406641917564697
0	2	1	6	3	-8310167931672973347	-0.28337201745336654
0	2	1	6	3	-8310167931672973347	0.5342545344886801
0	2	1	6	3	-8310167931672973347	-0.14066908067809272
0	2	1	6	3	-8310167931672973347	-1.909216148701503
0	2	1	6	3	-8310167931672973347	0.03155998515026376
0	2	1	6	3	-8310167931672973347	-0.5848471200741039
0	2	1	6	3	-8310167931672973347	-1.0336769741167495
0	3	0	6	2	-8310167931672973347	-1.3668277048610977
0	3	0	6	2	-8310167931672973347	0.9696694396405684
0	3	0	6	2	-8310167931672973347	-0.868546069334676
0	3	0	6	2	-8310167931672973347	-0.6725689272996338
0	3	0	6	2	-8310167931672973347	0.7286339793582394
0	3	0	6	2	-8310167931672973347	0.7463378804448999
0	3	0	6	2	-8310167931672973347	-0.08368666582664108
0	3	0	6	2	-8310167931672973347	-0.1522355896615214
0	3	0	6	2	-8310167931672973347	-1.1128207396966743
0	3	0	6	2	-8310167931672973347	-1.2092940327594643
0	3	0	6	2	-8310167931672973347	2.605736682664368
0	3	0	6	2	-8310167931672973347	-1.9930743671822964
0	3	1	6	3	-8310167931672973347	1.477080546352681
0	3	1	6	3	-8310167931672973347	1.416978361309162
0	3	1	6	3	-8310167931672973347	0.9893245905811497
0	3	1	6	3	-8310167931672973347	1.6454187418063306
0	3	1	6	3	-8310167931672973347	0.6179561790792617
0	3	1	6	3	-8310167931672973347	2.209528187935571
0	3	1	6	3	-8310167931672973347	0.3126068010303488
0	3	1	6	3	-8310167931672973347	1.6884126365295662
0	3	1	6	3	-8310167931672973347	-0.7510357141459996
0	3	1	6	3	-8310167931672973347	-1.0507679149912859
0	3	1	6	3	-8310167931672973347	-1.3707955161883778
0	3	1	6	3	-8310167931672973347	0.5067715207538707
0	3	1	6	3	-8310167931672973347	-1.8611745476019628
0	3	1	6	3	-8310167931672973347	-0.23600044947092777
0	3	1	6	3	-8310167931672973347	-0.1896884299250218
0	3	1	6	3	-8310167931672973347	-0.8757324159007367
0	3	1	6	3	-8310167931672973347	-1.016925957849744
0	3	1	6	3	-8310167931672973347	-0.8348070832185899
0	4	0	6	2	-8310167931672973347	0.5803609304714121
0	4	0	6	2	-8310167931672973347	-0.21163442301293162
0	4	0	6	2	-8310167931672973347	1.6637396411811836
0	4	0	6	2	-8310167931672973347	-0.535917722438593
0	4	0	6	2	-8310167931672973347	-1.2470041032103818
0	4	0	6	2	-8310167931672973347	-1.2223041927864378
0	4	0	6	2	-8310167931672973347	1.1185140850427737
0	4	0	6	2	-8310167931672973347	0.6081652610974249
0	4	0	6	2	-8310167931672973347	0.521937371787098
0	4	0	6	2	-8310167931672973347	-0.4731135629976919
0	4	0	6	2	-8310167931672973347	0.5588999627066451
0	4	0	6	2	-8310167931672973347	0.15782401272485277
0	4	1	6	3	-8310167931672973347	1.613236860676519
0	4	1	6	3	-8310167931672973347	-0.09423566155182231
0	4	1	6	3	-8310167931672973347	0.7954834344249787
0	4	1	6	3	-8310167931672973347	0.6713250208903444
0	4	1	6	3	-8310167931672973347	1.1805221016966048
0	4	1	6	3	-8310167931672973347	1.071918055787528
0	4	1	6	3	-8310167931672973347	0.8271130706207489
0	4	1	6	3	-8310167931672973347	0.9071905164592342
0	4	1	6	3	-8310167931672973347	-0.21720167206787241
0	4	1	6	3	-8310167931672973347	0.20564363000104513
0	4	1	6	3	-8310167931672973347	-1.3341551148697253
0	4	1	6	3	-8310167931672973347	0.006213579875379865
0	4	1	6	3	-8310167931672973347	0.6002569238387174
0	4	1	6	3	-8310167931672973347	0.5976549563634775
0	4	1	6	3	-8310167931672973347	0.11496272399976369
0	4	1	6	3	-8310167931672973347	-1.8427618760780742
0	4	1	6	3	-8310167931672973347	0.33089995909792624
0	4	1	6	3	-8310167931672973347	0.13636325939253954
0	5	0	6	2	-8310167931672973347	1.8820530277230691
0	5	0	6	2	-8310167931672973347	-0.30735379676402563
0	5	0	6	2	-8310167931672973347	1.4602528391679954
0	5	0	6	2	-8310167931672973347	0.8750126341063685
0	5	0	6	2	-8310167931672973347	-1.714883696957112
0	5	0	6	2	-8310167931672973347	1.2477831807935675
0	5	0	6	2	-8310167931672973347	-0.3639104021077018
0	5	0	6	2	-8310167931672973347	-0.35853327997040463
0	5	0	6	2	-8310167931672973347	-0.3835483381412227
0	5	0	6	2	-8310167931672973347	-0.7248446040614477
0	5	0	6	2	-8310167931672973347	0.7723756502422902
0	5	0	6	2	-8310167931672973347	-1.8020777767364122
0	5	1	6	3	-8310167931672973347	-0.4281970645815229
0	5	1	6	3	-8310167931672973347	-0.2664627714580491
0	5	1	6	3	-8310167931672973347	-0.7141167908023345
0	5	1	6	3	-8310167931672973347	1.677296029357257
0	5	1	6	3	-8310167931672973347	-1.1226594644746168
0	5	1	6	3	-8310167931672973347	-0.7047808688368462
0	5	1	6	3	-8310167931672973347	-0.026579158833883045
0	5	1	6	3	-8310167931672973347	0.01065862011529268
0	5	1	6	3	-8310167931672973347	-2.0362541009410444
0	5	1	6	3	-8310167931672973347	1.120438700922522
0	5	1	6	3	-8310167931672973347	0.37016401166715207
0	5	1	6	3	-8310167931672973347	-0.43615340033339667
0	5	1	6	3	-8310167931672973347	-0.8116142731993353
0	5	1	6	3	-8310167931672973347	-0.06626031033520283
0	5	1	6	3	-8310167931672973347	0.38786761623477395
0	5	1	6	3	-8310167931672973347	2.3663943852452753
0	5	1	6	3	-8310167931672973347	-0.5414946579918964
0	5	1	6	3	-8310167931672973347	-2.21801578770406
0	6	0	6	2	-8310167931672973347	0.3459480307657765
0	6	0	6	2	-8310167931672973347	0.6373894017699934
0	6	0	6	2	-8310167931672973347	-0.4112367854056299
0	6	0	6	2	-8310167931672973347	0.3398216191865707
0	6	0	6	2	-8310167931672973347	0.8524023510721436
0	6	0	6	2	-8310167931672973347	1.3260799335286226
0	6	0	6	2	-8310167931672973347	1.070519281066596
0	6	0	6	2	-8310167931672973347	2.028176781163628
0	6	0	6	2	-8310167931672973347	-0.7124921129746958
0	6	0	6	2	-8310167931672973347	-0.04868836112850882
0	6	0	6	2	-8310167931672973347	-0.6031581841314089
0	6	0	6	2	-8310167931672973347	0.9917506417509929
0	6	1	6	3	-8310167931672973347	1.0483262139450509
0	6	1	6	3	-8310167931672973347	-0.2033598183074863
0	6	1	6	3	-8310167931672973347	-0.13055365083322087
0	6	1	6	3	-8310167931672973347	-0.22638765094958704
0	6	1	6	3	-8310167931672973347	0.901436744995542
0	6	1	6	3	-8310167931672973347	0.5016680776150896
0	6	1	6	3	-8310167931672973347	1.540225470417913
0	6	1	6	3	-8310167931672973347	-1.0510725656483293
0	6	1	6	3	-8310167931672973347	-0.9184421776904815
0	6	1	6	3	-8310167931672973347	-0.5505115908679513
0	6	1	6	3	-8310167931672973347	-2.0095267272052384
0	6	1	6	3	-8310167931672973347	-0.8156611673579651
0	6	1	6	3	-8310167931672973347	0.5001776400973506
0	6	1	6	3	-8310167931672973347	0.5622470928177473
0	6	1	6	3	-8310167931672973347	-0.9425130738509869
0	6	1	6	3	-8310167931672973347	-0.6552263174704843
0	6	1	6	3	-8310167931672973347	-1.6235558124222926
0	6	1	6	3	-8310167931672973347	-1.241486421359899
0	7	0	6	2	-8310167931672973347	1.1975582534165172
0	7	0	6	2	-8310167931672973347	0.18009741180311256
0	7	0	6	2	-8310167931672973347	-0.18896161498265968
0	7	0	6	2	-8310167931672973347	-0.27624681888582875
0	7	0	6	2	-8310167931672973347	1.0460461620092028
0	7	0	6	2	-8310167931672973347	0.880875782059465
0	7	0	6	2	-8310167931672973347	-1.8836960152884759
0	7	0	6	2	-8310167931672973347	-0.8553011820922015
0	7	0	6	2	-8310167931672973347	-0.15972419294381193
0	7	0	6	2	-8310167931672973347	-0.9905990805607139
0	7	0	6	2	-8310167931672973347	0.4739759908332665
0	7	0	6	2	-8310167931672973347	-0.06448345000482578
0	7	1	6	3	-8310167931672973347	-0.24793304832435598
0	7	1	6	3	-8310167931672973347	-0.7585884382012575
0	7	1	6	3	-8310167931672973347	0.3171930191438396
0	7	1	6	3	-8310167931672973347	0.7038556936689347
0	7	1	6	3	-8310167931672973347	-1.6933348802573815
0	7	1	6	3	-8310167931672973347	-0.9482338684085306
0	7	1	6	3	-8310167931672973347	0.3882056197150112
0	7	1	6	3	-8310167931672973347	1.3630309205277653
0	7	1	6	3	-8310167931672973347	0.2070669962169797
0	7	1	6	3	-8310167931672973347	-0.3793064823103919
0	7	1	6	3	-8310167931672973347	-0.9582565576540338
0	7	1	6	3	-8310167931672973347	-1.1589123770446816
0	7	1	6	3	-8310167931672973347	0.25146767438888795
0	7	1	6	3	-8310167931672973347	0.3657223511130061
0	7	1	6	3	-8310167931672973347	0.9906319065187039
0	7	1	6	3	-8310167931672973347	-0.05805486988742948
0	7	1	6	3	-8310167931672973347	1.5038172277232384
0	7	1	6	3	-8310167931672973347	0.6673657470473515
0	8	0	6	2	-8310167931672973347	-0.8472956827012864
0	8	0	6	2	-8310167931672973347	0.08987773406174224
0	8	0	6	2	-8310167931672973347	0.78661251710292
0	8	0	6	2	-8310167931672973347	0.07545869516023351
0	8	0	6	2	-8310167931672973347	-0.9177401762970254
0	8	0	6	2	-8310167931672973347	0.6257922845393651
0	8	0	6	2	-8310167931672973347	-1.695531083205021
0	8	0	6	2	-8310167931672973347	0.17725080922758896
0	8	0	6	2	-8310167931672973347	0.9386544313513108
0	8	0	6	2	-8310167931672973347	0.037855413893721206
0	8	0	6	2	-8310167931672973347	-1.9950727565161326
0	8	0	6	2	-8310167931672973347	-0.055801431248947285
0	8	1	6	3	-8310167931672973347	-0.7512142548857101
0	8	1	6	3	-8310167931672973347	1.5249760493738458
0	8	1	6	3	-8310167931672973347	0.613960663940178
0	8	1	6	3	-8310167931672973347	0.0009063261473266578
0	8	1	6	3	-8310167931672973347	0.10229637834097736
0	8	1	6	3	-8310167931672973347	0.572136201914005
0	8	1	6	3	-8310167931672973347	0.7284241303499935
0	8	1	6	3	-8310167931672973347	-0.802368662736574
0	8	1	6	3	-8310167931672973347	0.882316826422185
0	8	1	6	3	-8310167931672973347	1.4030910324346486
0	8	1	6	3	-8310167931672973347	-0.08936193613535152
0	8	1	6	3	-8310167931672973347	0.39526515342602214
0	8	1	6	3	-8310167931672973347	-0.30244843538652993
0	8	1	6	3	-8310167931672973347	0.07165507521151133
0	8	1	6	3	-8310167931672973347	0.7099771524292612
0	8	1	6	3	-8310167931672973347	0.35634234333746256
0	8	1	6	3	-8310167931672973347	1.027429174282953
0	8	1	6	3	-8310167931672973347	0.776179045325546
0	9	0	6	2	-8310167931672973347	0.23145908899862888
0	9	0	6	2	-8310167931672973347	-0.04002497109441947
0	9	0	6	2	-8310167931672973347	0.11098359055701319
0	9	0	6	2	-8310167931672973347	0.24494318443456134
0	9	0	6	2	-8310167931672973347	-0.2715921879541795
0	9	0	6	2	-8310167931672973347	0.2982425389243835
0	9	0	6	2	-8310167931672973347	2.4493554087058302
0	9	0	6	2	-8310167931672973347	-0.45620164502054955
0	9	0	6	2	-8310167931672973347	0.5556641285476973
0	9	0	6	2	-8310167931672973347	-1.2250882805986596
0	9	0	6	2	-8310167931672973347	0.19180679383063048
0	9	0	6	2	-8310167931672973347	-0.28380459572762357
0	9	1	6	3	-8310167931672973347	-0.5649227062192312
0	9	1	6	3	-8310167931672973347	1.0135450035864326
0	9	1	6	3	-8310167931672973347	-1.1082569851459145
0	9	1	6	3	-8310167931672973347	0.25219568573587153
0	9	1	6	3	-8310167931672973347	-0.6007532906584221
0	9	1	6	3	-8310167931672973347	-0.28335956939211476
0	9	1	6	3	-8310167931672973347	0.7210568913779076
0	9	1	6	3	-8310167931672973347	-0.9627275384123373
0	9	1	6	3	-8310167931672973347	-1.8627465939847543
0	9	1	6	3	-8310167931672973347	0.7157976268517213
0	9	1	6	3	-8310167931672973347	-0.1792601889629313
0	9	1	6	3	-8310167931672973347	0.4173691929446142
0	9	1	6	3	-8310167931672973347	1.398988934053443
0	9	1	6	3	-8310167931672973347	-1.8647736850754675
0	9	1	6	3	-8310167931672973347	0.19548819710068244
0	9	1	6	3	-8310167931672973347	1.351994173734205
0	9	1	6	3	-8310167931672973347	2.3072583229767116
0	9	1	6	3	-8310167931672973347	-1.195607788993892
0	10	0	6	2	-8310167931672973347	1.6243426826385172
0	10	0	6	2	-8310167931672973347	0.3127225836397377
0	10	0	6	2	-8310167931672973347	0.282749511234597
0	10	0	6	2	-8310167931672973347	0.46154346675871055
0	10	0	6	2	-8310167931672973347	0.4953494951205658
0	10	0	6	2	-8310167931672973347	-1.2599138515678965
0	10	0	6	2	-8310167931672973347	0.3342134932618176
0	10	0	6	2	-8310167931672973347	-0.3463666779011665
0	10	0	6	2	-8310167931672973347	-1.7858046442990605
0	10	0	6	2	-8310167931672973347	0.2688281675412616
0	10	0	6	2	-8310167931672973347	0.07042955936262187
0	10	0	6	2	-8310167931672973347	-0.5123822073518073
0	10	1	6	3	-8310167931672973347	0.904633714035168
0	10	1	6	3	-8310167931672973347	-0.6773375186216017
0	10	1	6	3	-8310167931672973347	-0.8674183352704624
0	10	1	6	3	-8310167931672973347	-1.4476613099267897
0	10	1	6	3	-8310167931672973347	-0.9419748457715379
0	10	1	6	3	-8310167931672973347	-1.1356652350107146
0	10	1	6	3	-8310167931672973347	0.18981643596759218
0	10	1	6	3	-8310167931672973347	0.2071733517137834
0	10	1	6	3	-8310167931672973347	0.9627697393046096
0	10	1	6	3	-8310167931672973347	-0.5993636018826454
0	10	1	6	3	-8310167931672973347	1.6697623467268226
0	10	1	6	3	-8310167931672973347	-0.4563592975286705
0	10	1	6	3	-8310167931672973347	-0.15650004740640663
0	10	1	6	3	-8310167931672973347	-0.75838730344197
0	10	1	6	3	-8310167931672973347	0.32818827780859033
0	10	1	6	3	-8310167931672973347	1.3913148177445023
0	10	1	6	3	-8310167931672973347	-0.3029965067190263
0	10	1	6	3	-8310167931672973347	1.2872221785207463
0	11	0	6	2	-8310167931672973347	-1.1982232583667234
0	11	0	6	2	-8310167931672973347	1.7968418858589303
0	11	0	6	2	-8310167931672973347	0.19586789343652974
0	11	0	6	2	-8310167931672973347	-1.2377295393322303
0	11	0	6	2	-8310167931672973347	-1.468903454419365
0	11	0	6	2	-8310167931672973347	-1.10185718087973
0	11	0	6	2	-8310167931672973347	-0.3312959301354488
0	11	0	6	2	-8310167931672973347	-0.41726239738555826
0	11	0	6	2	-8310167931672973347	-1.3294033129033846
0	11	0	6	2	-8310167931672973347	-0.10350758353803574
0	11	0	6	2	-8310167931672973347	-2.0639667148236276
0	11	0	6	2	-8310167931672973347	-0.6711166481026701
0	11	1	6	3	-8310167931672973347	-0.1948290733919514
0	11	1	6	3	-8310167931672973347	1.0675526946254303
0	11	1	6	3	-8310167931672973347	2.393538151120881
0	11	1	6	3	-8310167931672973347	-0.7112812638017064
0	11	1	6	3	-8310167931672973347	0.8407661973098661
0	11	1	6	3	-8310167931672973347	1.589333932654976
0	11	1	6	3	-8310167931672973347	-0.39690035274565216
0	11	1	6	3	-8310167931672973347	-0.23550627877120114
0	11	1	6	3	-8310167931672973347	-0.7431338636956747
0	11	1	6	3	-8310167931672973347	-0.411154615183204
0	11	1	6	3	-8310167931672973347	-0.16766057927837635
0	11	1	6	3	-8310167931672973347	-1.424014232241356
0	11	1	6	3	-8310167931672973347	-1.0342002475586978
0	11	1	6	3	-8310167931672973347	0.6075448647163588
0	11	1	6	3	-8310167931672973347	1.5316309073601102
0	11	1	6	3	-8310167931672973347	-0.26025656542359443
0	11	1	6	3	-8310167931672973347	-2.821143061170473
0	11	1	6	3	-8310167931672973347	-0.5938881972604177
0	12	0	6	2	-8310167931672973347	-0.738304124465622
0	12	0	6	2	-8310167931672973347	-0.008342153970262023
0	12	0	6	2	-8310167931672973347	-0.6763557872149755
0	12	0	6	2	-8310167931672973347	0.02070463303674494
0	12	0	6	2	-8310167931672973347	0.6061464779406666
0	12	0	6	2	-8310167931672973347	-0.4119763895758876
0	12	0	6	2	-8310167931672973347	0.34272525848507157
0	12	0	6	2	-8310167931672973347	-0.31606596392641056
0	12	0	6	2	-8310167931672973347	-0.08455236066759515
0	12	0	6	2	-8310167931672973347	-0.42507545142609965
0	12	0	6	2	-8310167931672973347	-2.3723517031372836
0	12	0	6	2	-8310167931672973347	-1.3319216946326429
0	12	1	6	3	-8310167931672973347	0.591338797910834
0	12	1	6	3	-8310167931672973347	-1.747220707917062
0	12	1	6	3	-8310167931672973347	-1.7010684965990455
0	12	1	6	3	-8310167931672973347	-0.6070980292645226
0	12	1	6	3	-8310167931672973347	-0.36561892420919545
0	12	1	6	3	-8310167931672973347	1.5868207684629398
0	12	1	6	3	-8310167931672973347	-1.0908548596663858
0	12	1	6	3	-8310167931672973347	0.8989809155130554
0	12	1	6	3	-8310167931672973347	0.6706037193822754
0	12	1	6	3	-8310167931672973347	-0.6704995303802572
0	12	1	6	3	-8310167931672973347	-0.8462620726708263
0	12	1	6	3	-8310167931672973347	0.9799275570636388
0	12	1	6	3	-8310167931672973347	1.053245491739407
0	12	1	6	3	-8310167931672973347	-1.332924584974625
0	12	1	6	3	-8310167931672973347	-0.43729891008166505
0	12	1	6	3	-8310167931672973347	2.090983807633326
0	12	1	6	3	-8310167931672973347	2.610959721082416
0	12	1	6	3	-8310167931672973347	-0.6240577186383611
0	13	0	6	2	-8310167931672973347	-1.0260402089409864
0	13	0	6	2	-8310167931672973347	-0.020152169974652277
0	13	0	6	2	-8310167931672973347	-0.9654534155844243
0	13	0	6	2	-8310167931672973347	0.527145692858576
0	13	0	6	2	-8310167931672973347	0.3261379586431642
0	13	0	6	2	-8310167931672973347	-1.0713123573417138
0	13	0	6	2	-8310167931672973347	1.311011200071161
0	13	0	6	2	-8310167931672973347	-0.46142165612847386
0	13	0	6	2	-8310167931672973347	1.0571436542629924
0	13	0	6	2	-8310167931672973347	-0.9587018255609779
0	13	0	6	2	-8310167931672973347	-0.0786443635846691
0	13	0	6	2	-8310167931672973347	0.9502036452049257
0	13	1	6	3	-8310167931672973347	0.39683285245595484
0	13	1	6	3	-8310167931672973347	-0.2910950917465676
0	13	1	6	3	-8310167931672973347	-0.5975030418039875
0	13	1	6	3	-8310167931672973347	-0.4920063125540744
0	13	1	6	3	-8310167931672973347	-0.8579669731072358
0	13	1	6	3	-8310167931672973347	-1.505274203924214
0	13	1	6	3	-8310167931672973347	1.6210902157265907
0	13	1	6	3	-8310167931672973347	-0.6818592567152222
0	13	1	6	3	-8310167931672973347	-0.42147753761571977
0	13	1	6	3	-8310167931672973347	-0.24778378177250246
0	13	1	6	3	-8310167931672973347	-0.6656958716129346
0	13	1	6	3	-8310167931672973347	-1.1573425561787356
0	13	1	6	3	-8310167931672973347	-0.3091604583123718
0	13	1	6	3	-8310167931672973347	0.6060662348044601
0	13	1	6	3	-8310167931672973347	-0.5505558284546924
0	13	1	6	3	-8310167931672973347	0.470596314924821
0	13	1	6	3	-8310167931672973347	-0.14210341261696255
0	13	1	6	3	-8310167931672973347	-0.43742354836422287
0	14	0	6	2	-8310167931672973347	0.7643631565049754
0	14	0	6	2	-8310167931672973347	1.5084365223895042
0	14	0	6	2	-8310167931672973347	-0.21652842778662357
0	14	0	6	2	-8310167931672973347	-0.5367907908680748
0	14	0	6	2	-8310167931672973347	-0.9695289911078618
0	14	0	6	2	-8310167931672973347	0.19849218011763417
0	14	0	6	2	-8310167931672973347	0.4252351958339441
0	14	0	6	2	-8310167931672973347	-0.5069374936915241
0	14	0	6	2	-8310167931672973347	-1.1429213019322362
0	14	0	6	2	-8310167931672973347	0.46426620820804304
0	14	0	6	2	-8310167931672973347	0.7062639766174247
0	14	0	6	2	-8310167931672973347	-0.4239794166706657
0	14	1	6	3	-8310167931672973347	2.414788384293098
0	14	1	6	3	-8310167931672973347	-1.3810353577194772
0	14	1	6	3	-8310167931672973347	1.4609190063607371
0	14	1	6	3	-8310167931672973347	0.6427159262960721
0	14	1	6	3	-8310167931672973347	-1.248954469136886
0	14	1	6	3	-8310167931672973347	0.3736022144393036
0	14	1	6	3	-8310167931672973347	1.768757310155888
0	14	1	6	3	-8310167931672973347	2.113644009507437
0	14	1	6	3	-8310167931672973347	1.2425570416401286
0	14	1	6	3	-8310167931672973347	1.9456896644691488
0	14	1	6	3	-8310167931672973347	1.119401411061689
0	14	1	6	3	-8310167931672973347	-0.9979747785038148
0	14	1	6	3	-8310167931672973347	-0.2591320141828777
0	14	1	6	3	-8310167931672973347	-1.1104151572550935
0	14	1	6	3	-8310167931672973347	0.86619621094928
0	14	1	6	3	-8310167931672973347	-0.04399159435258678
0	14	1	6	3	-8310167931672973347	0.927160255053605
0	14	1	6	3	-8310167931672973347	-1.275147430797713
0	15	0	6	2	-8310167931672973347	-1.5452778013185036
0	15	0	6	2	-8310167931672973347	0.2199321545936053
0	15	0	6	2	-8310167931672973347	-0.5992552229691984
0	15	0	6	2	-8310167931672973347	0.5149158943300329
0	15	0	6	2	-8310167931672973347	-2.6363584477012947
0	15	0	6	2	-8310167931672973347	-0.3481888969524131
0	15	0	6	2	-8310167931672973347	1.2040476135086389
0	15	0	6	2	-8310167931672973347	0.326268048809462
0	15	0	6	2	-8310167931672973347	-0.528821028279543
0	15	0	6	2	-8310167931672973347	0.660049041127886
0	15	0	6	2	-8310167931672973347	1.0989927860245317
0	15	0	6	2	-8310167931672973347	2.808745369331212
0	15	1	6	3	-8310167931672973347	-0.06767307105345895
0	15	1	6	3	-8310167931672973347	-0.027873613287205487
0	15	1	6	3	-8310167931672973347	-1.2264924064527052
0	15	1	6	3	-8310167931672973347	1.4525799143055356
0	15	1	6	3	-8310167931672973347	0.6706805407131422
0	15	1	6	3	-8310167931672973347	0.5313848652199459
0	15	1	6	3	-8310167931672973347	0.6061340574118481
0	15	1	6	3	-8310167931672973347	-0.9131596672079031
0	15	1	6	3	-8310167931672973347	1.15250516783478
0	15	1	6	3	-8310167931672973347	-2.437692540332986
0	15	1	6	3	-8310167931672973347	2.5457365653833186
0	15	1	6	3	-8310167931672973347	-0.429493790546193
0	15	1	6	3	-8310167931672973347	-1.0613957360045079
0	15	1	6	3	-8310167931672973347	0.28698346697745347
0	15	1	6	3	-8310167931672973347	-1.2525974609562744
0	15	1	6	3	-8310167931672973347	0.14931463738066572
0	15	1	6	3	-8310167931672973347	-0.010815712253636242
0	15	1	6	3	-8310167931672973347	1.3616863174256715
0	16	0	6	2	-8310167931672973347	1.2555332853110315
0	16	0	6	2	-8310167931672973347	0.6125525527434763
0	16	0	6	2	-8310167931672973347	-1.957439594987359
0	16	0	6	2	-8310167931672973347	0.8306666341647327
0	16	0	6	2	-8310167931672973347	0.7995546116961044
0	16	0	6	2	-8310167931672973347	-0.5119369258409974
0	16	0	6	2	-8310167931672973347	0.46671665635944853
0	16	0	6	2	-8310167931672973347	1.1715904384454456
0	16	0	6	2	-8310167931672973347	0.6693925280985226
0	16	0	6	2	-8310167931672973347	-0.11462539348416306
0	16	0	6	2	-8310167931672973347	0.8355379193645144
0	16	0	6	2	-8310167931672973347	-0.6435419238900314
0	16	1	6	3	-8310167931672973347	0.1280525404604275
0	16	1	6	3	-8310167931672973347	-0.4264602048612195
0	16	1	6	3	-8310167931672973347	-2.0678133875618614
0	16	1	6	3	-8310167931672973347	0.26345501861262266
0	16	1	6	3	-8310167931672973347	-1.2757778863845581
0	16	1	6	3	-8310167931672973347	-0.5405708216567228
0	16	1	6	3	-8310167931672973347	-0.4266628598226715
0	16	1	6	3	-8310167931672973347	-1.5617067566509344
0	16	1	6	3	-8310167931672973347	0.49567334348435976
0	16	1	6	3	-8310167931672973347	0.8295291201203164
0	16	1	6	3	-8310167931672973347	0.3960494334029476
0	16	1	6	3	-8310167931672973347	-0.8079269269278593
0	16	1	6	3	-8310167931672973347	-1.115433387962911
0	16	1	6	3	-8310167931672973347	-0.7837128189107914
0	16	1	6	3	-8310167931672973347	-0.541547246482438
0	16	1	6	3	-8310167931672973347	-2.188962656533496
0	16	1	6	3	-8310167931672973347	1.7387692210007168
0	16	1	6	3	-8310167931672973347	-0.33273326440500606
0	17	0	6	2	-8310167931672973347	-0.34721728175277167
0	17	0	6	2	-8310167931672973347	-0.11523499313971301
0	17	0	6	2	-8310167931672973347	-0.3721421937080777
0	17	0	6	2	-8310167931672973347	-1.118124410372529
0	17	0	6	2	-8310167931672973347	0.2752036616285236
0	17	0	6	2	-8310167931672973347	1.4043591354112315
0	17	0	6	2	-8310167931672973347	-0.5381032097946289
0	17	0	6	2	-8310167931672973347	-0.47647596285303134
0	17	0	6	2	-8310167931672973347	-2.0263839477895704
0	17	0	6	2	-8310167931672973347	-0.14049340987875794
0	17	0	6	2	-8310167931672973347	0.32174927279406007
0	17	0	6	2	-8310167931672973347	0.2565775989788109
0	17	1	6	3	-8310167931672973347	-0.922042836819794
0	17	1	6	3	-8310167931672973347	0.18659642769534648
0	17	1	6	3	-8310167931672973347	-1.109910882439282
0	17	1	6	3	-8310167931672973347	-1.7908877277545618
0	17	1	6	3	-8310167931672973347	0.17957019055674037
0	17	1	6	3	-8310167931672973347	-0.0894196242941937
0	17	1	6	3	-8310167931672973347	-0.19257000616811223
0	17	1	6	3	-8310167931672973347	-0.40647225305185625
0	17	1	6	3	-8310167931672973347	0.7629433250673722
0	17	1	6	3	-8310167931672973347	-0.218441865679388
0	17	1	6	3	-8310167931672973347	-0.5469528394224126
0	17	1	6	3	-8310167931672973347	-1.890499615969195
0	17	1	6	3	-8310167931672973347	1.7318263780495433
0	17	1	6	3	-8310167931672973347	0.3276959409059655
0	17	1	6	3	-8310167931672973347	-0.12564627326639394
0	17	1	6	3	-8310167931672973347	0.7101263537501068
0	17	1	6	3	-8310167931672973347	-0.12354920511269672
0	17	1	6	3	-8310167931672973347	0.18591202057175152
0	18	0	6	2	-8310167931672973347	0.863798145916018
0	18	0	6	2	-8310167931672973347	-1.5323180743924203
0	18	0	6	2	-8310167931672973347	0.20434662431785347
0	18	0	6	2	-8310167931672973347	-0.943540342778972
0	18	0	6	2	-8310167931672973347	0.931474552708178
0	18	0	6	2	-8310167931672973347	0.17826473473565868
0	18	0	6	2	-8310167931672973347	0.34360724307741575
0	18	0	6	2	-8310167931672973347	1.1263241679345715
0	18	0	6	2	-8310167931672973347	-0.44365639096399107
0	18	0	6	2	-8310167931672973347	1.304790670885616
0	18	0	6	2	-8310167931672973347	-1.3719225775795811
0	18	0	6	2	-8310167931672973347	1.3912395822894197
0	18	1	6	3	-8310167931672973347	0.7665807035136937
0	18	1	6	3	-8310167931672973347	0.9448381982812842
0	18	1	6	3	-8310167931672973347	-2.0479821524543325
0	18	1	6	3	-8310167931672973347	0.6397179555215617
0	18	1	6	3	-8310167931672973347	-0.8828120254668471
0	18	1	6	3	-8310167931672973347	-0.7291829784970533
0	18	1	6	3	-8310167931672973347	0.6400032980757027
0	18	1	6	3	-8310167931672973347	-0.5562626769480403
0	18	1	6	3	-8310167931672973347	-1.4784749215337298
0	18	1	6	3	-8310167931672973347	-0.9846181179702557
0	18	1	6	3	-8310167931672973347	-0.4483386543355702
0	18	1	6	3	-8310167931672973347	-0.925480157136034
0	18	1	6	3	-8310167931672973347	0.783270512769846
0	18	1	6	3	-8310167931672973347	0.9424555664665698
0	18	1	6	3	-8310167931672973347	-0.3178519025764254
0	18	1	6	3	-8310167931672973347	1.9961308484477107
0	18	1	6	3	-8310167931672973347	-0.22806346574755196
0	18	1	6	3	-8310167931672973347	0.3001583250232693
0	19	0	6	2	-8310167931672973347	0.6557907653184016
0	19	0	6	2	-8310167931672973347	0.2206269561728325
0	19	0	6	2	-8310167931672973347	-0.3812884133941877
0	19	0	6	2	-8310167931672973347	2.294067715853584
0	19	0	6	2	-8310167931672973347	1.592443101030591
0	19	0	6	2	-8310167931672973347	0.7925673948978652
0	19	0	6	2	-8310167931672973347	-0.8200874169424289
0	19	0	6	2	-8310167931672973347	0.45234197264118836
0	19	0	6	2	-8310167931672973347	0.12435257458648136
0	19	0	6	2	-8310167931672973347	-0.431073574918808
0	19	0	6	2	-8310167931672973347	1.49586528797022
0	19	0	6	2	-8310167931672973347	0.9742407664333108
0	19	1	6	3	-8310167931672973347	1.453325406270805
0	19	1	6	3	-8310167931672973347	-0.6664226040121078
0	19	1	6	3	-8310167931672973347	0.6032742814714817
0	19	1	6	3	-8310167931672973347	0.4907190623092386
0	19	1	6	3	-8310167931672973347	-0.2673914257152459
0	19	1	6	3	-8310167931672973347	0.2592351953570127
0	19	1	6	3	-8310167931672973347	-0.3213743553537159
0	19	1	6	3	-8310167931672973347	-0.0981243102998559
0	19	1	6	3	-8310167931672973347	-0.36610747744774047
0	19	1	6	3	-8310167931672973347	-0.5700018067333066
0	19	1	6	3	-8310167931672973347	-1.0328144712407996
0	19	1	6	3	-8310167931672973347	0.09353888613556438
0	19	1	6	3	-8310167931672973347	-0.9002229185726833
0	19	1	6	3	-8310167931672973347	1.0117382916865252
0	19	1	6	3	-8310167931672973347	-0.2195397143068762
0	19	1	6	3	-8310167931672973347	0.40917560397597125
0	19	1	6	3	-8310167931672973347	0.2804527325833523
0	19	1	6	3	-8310167931672973347	-1.4209463715904358
0	20	0	6	2	-8310167931672973347	0.18797066798485487
0	20	0	6	2	-8310167931672973347	0.5492477184408752
0	20	0	6	2	-8310167931672973347	-2.2164882678300875
0	20	0	6	2	-8310167931672973347	2.006478138757579
0	20	0	6	2	-8310167931672973347	0.08740623312241157
0	20	0	6	2	-8310167931672973347	0.3529654686591669
0	20	0	6	2	-8310167931672973347	0.29460782823416487
0	20	0	6	2	-8310167931672973347	0.34738892781368635
0	20	0	6	2	-8310167931672973347	-1.3231418491479405
0	20	0	6	2	-8310167931672973347	-0.5700709466414807
0	20	0	6	2	-8310167931672973347	-0.4124015139333771
0	20	0	6	2	-8310167931672973347	-0.11353678112690477
0	20	1	6	3	-8310167931672973347	-1.1708799333647901
0	20	1	6	3	-8310167931672973347	-1.9584449408716391
0	20	1	6	3	-8310167931672973347	-0.30159427732272837
0	20	1	6	3	-8310167931672973347	-0.037295789385504374
0	20	1	6	3	-8310167931672973347	-1.3581452776487704
0	20	1	6	3	-8310167931672973347	0.16267780536577225
0	20	1	6	3	-8310167931672973347	0.9188919695749127
0	20	1	6	3	-8310167931672973347	-2.0754649472520588
0	20	1	6	3	-8310167931672973347	-0.291744680037221
0	20	1	6	3	-8310167931672973347	2.3267922765659725
0	20	1	6	3	-8310167931672973347	-1.8915674227801254
0	20	1	6	3	-8310167931672973347	0.07789809200874363
0	20	1	6	3	-8310167931672973347	-1.645269670732978
0	20	1	6	3	-8310167931672973347	-0.33444282246960916
0	20	1	6	3	-8310167931672973347	-0.8189152059630868
0	20	1	6	3	-8310167931672973347	-0.9852313850662822
0	20	1	6	3	-8310167931672973347	1.1436443599672443
0	20	1	6	3	-8310167931672973347	1.2439289584045612
0	21	0	6	2	-8310167931672973347	-1.8822420153967732
0	21	0	6	2	-8310167931672973347	-0.33152336847522085
0	21	0	6	2	-8310167931672973347	-1.4055061249466012
0	21	0	6	2	-8310167931672973347	-1.057355539150751
0	21	0	6	2	-8310167931672973347	0.7224800921555923
0	21	0	6	2	-8310167931672973347	-0.18246341404979047
0	21	0	6	2	-8310167931672973347	-0.7977992014039913
0	21	0	6	2	-8310167931672973347	-0.17467220678959025
0	21	0	6	2	-8310167931672973347	-0.08732236233801437
0	21	0	6	2	-8310167931672973347	0.19455313460186757
0	21	0	6	2	-8310167931672973347	0.689901120959897
0	21	0	6	2	-8310167931672973347	0.12805553707556644
0	21	1	6	3	-8310167931672973347	-0.9036505820195302
0	21	1	6	3	-8310167931672973347	0.4836119532773383
0	21	1	6	3	-8310167931672973347	1.0434714091942152
0	21	1	6	3	-8310167931672973347	-0.4006427387934914
0	21	1	6	3	-8310167931672973347	0.9617274985132409
0	21	1	6	3	-8310167931672973347	1.368466617750213
0	21	1	6	3	-8310167931672973347	1.308551498945046
0	21	1	6	3	-8310167931672973347	-1.377336751300179
0	21	1	6	3	-8310167931672973347	0.2837445995833728
0	21	1	6	3	-8310167931672973347	0.4934869309692942
0	21	1	6	3	-8310167931672973347	-0.05735521778658125
0	21	1	6	3	-8310167931672973347	-1.409616100242526
0	21	1	6	3	-8310167931672973347	-0.04638334475534012
0	21	1	6	3	-8310167931672973347	0.28086336478384927
0	21	1	6	3	-8310167931672973347	1.1360228136511594
0	21	1	6	3	-8310167931672973347	1.021026432370821
0	21	1	6	3	-8310167931672973347	0.5030658372472173
0	21	1	6	3	-8310167931672973347	-0.7271297476924629
0	22	0	6	2	-8310167931672973347	-1.094945279986643
0	22	0	6	2	-8310167931672973347	0.505305359901204
0	22	0	6	2	-8310167931672973347	0.03930289613778107
0	22	0	6	2	-8310167931672973347	0.7569111981227798
0	22	0	6	2	-8310167931672973347	-1.235636759255948
0	22	0	6	2	-8310167931672973347	0.6292542996864603
0	22	0	6	2	-8310167931672973347	1.0968627143553402
0	22	0	6	2	-8310167931672973347	-1.245730160175719
0	22	0	6	2	-8310167931672973347	1.3595588632823692
0	22	0	6	2	-8310167931672973347	-0.3718622863080655
0	22	0	6	2	-8310167931672973347	-0.20919208047700263
0	22	0	6	2	-8310167931672973347	-0.48815601297539873
0	22	1	6	3	-8310167931672973347	0.0024009285077022237
0	22	1	6	3	-8310167931672973347	1.7261549078660263
0	22	1	6	3	-8310167931672973347	1.2610937733485057
0	22	1	6	3	-8310167931672973347	0.23381116214188044
0	22	1	6	3	-8310167931672973347	1.3132300816931013
0	22	1	6	3	-8310167931672973347	-0.4073091736454765
0	22	1	6	3	-8310167931672973347	0.017387500961636798
0	22	1	6	3	-8310167931672973347	0.8385703210151197
0	22	1	6	3	-8310167931672973347	0.40851667445713924
0	22	1	6	3	-8310167931672973347	0.9720653011224792
0	22	1	6	3	-8310167931672973347	0.18796934927227094
0	22	1	6	3	-8310167931672973347	1.4542914490225953
0	22	1	6	3	-8310167931672973347	0.06989643566704086
0	22	1	6	3	-8310167931672973347	0.0014358254804547519
0	22	1	6	3	-8310167931672973347	1.245934954624997
0	22	1	6	3	-8310167931672973347	-1.0988183183168425
0	22	1	6	3	-8310167931672973347	0.4489574058089474
0	22	1	6	3	-8310167931672973347	0.9195387866588063
0	23	0	6	2	-8310167931672973347	0.9319844095049762
0	23	0	6	2	-8310167931672973347	-2.1097529886536175
0	23	0	6	2	-8310167931672973347	-0.08225103413115824
0	23	0	6	2	-8310167931672973347	-0.3456359759294462
0	23	0	6	2	-8310167931672973347	-0.41080424289435197
0	23	0	6	2	-8310167931672973347	0.5984844155748729
0	23	0	6	2	-8310167931672973347	0.7636857060147634
0	23	0	6	2	-8310167931672973347	-0.5482621715804084
0	23	0	6	2	-8310167931672973347	-1.536342066959769
0	23	0	6	2	-8310167931672973347	0.24558385062649088
0	23	0	6	2	-8310167931672973347	-0.30684221150962854
0	23	0	6	2	-8310167931672973347	-0.24722235681481175
0	23	1	6	3	-8310167931672973347	-0.9260763232015765
0	23	1	6	3	-8310167931672973347	0.07564495699190683
0	23	1	6	3	-8310167931672973347	-0.6786131509559443
0	23	1	6	3	-8310167931672973347	1.556959481369519
0	23	1	6	3	-8310167931672973347	1.031247052031509
0	23	1	6	3	-8310167931672973347	-0.20448457225662073
0	23	1	6	3	-8310167931672973347	1.7515392107605274
0	23	1	6	3	-8310167931672973347	-0.10734006907332506
0	23	1	6	3	-8310167931672973347	0.6820970990641011
0	23	1	6	3	-8310167931672973347	-0.46478764945120793
0	23	1	6	3	-8310167931672973347	0.8588073909326642
0	23	1	6	3	-8310167931672973347	0.38643272504884985
0	23	1	6	3	-8310167931672973347	0.22399450658952308
0	23	1	6	3	-8310167931672973347	0.3670965279971392
0	23	1	6	3	-8310167931672973347	0.7036842776147663
0	23	1	6	3	-8310167931672973347	-0.7625957970046738
0	23	1	6	3	-8310167931672973347	0.6276762492005784
0	23	1	6	3	-8310167931672973347	-0.45813128881766274
0	24	0	6	2	-8310167931672973347	0.5339294433827821
0	24	0	6	2	-8310167931672973347	-0.9991120402038055
0	24	0	6	2	-8310167931672973347	-1.3813131363615774
0	24	0	6	2	-8310167931672973347	0.04044906337210636
0	24	0	6	2	-8310167931672973347	-1.2167502731284865
0	24	0	6	2	-8310167931672973347	-2.1853995151292596
0	24	0	6	2	-8310167931672973347	0.6745760930396497
0	24	0	6	2	-8310167931672973347	-0.28459140950554407
0	24	0	6	2	-8310167931672973347	1.2234907935268968
0	24	0	6	2	-8310167931672973347	-0.674500762455352
0	24	0	6	2	-8310167931672973347	-0.8040992855866829
0	24	0	6	2	-8310167931672973347	1.377386750835159
0	24	1	6	3	-8310167931672973347	1.2166828665496925
0	24	1	6	3	-8310167931672973347	-0.9637364081853772
0	24	1	6	3	-8310167931672973347	0.4691194432640204
0	24	1	6	3	-8310167931672973347	1.0703140264140398
0	24	1	6	3	-8310167931672973347	-2.918398508227235
0	24	1	6	3	-8310167931672973347	-0.6543247651443216
0	24	1	6	3	-8310167931672973347	1.3905452906580666
0	24	1	6	3	-8310167931672973347	-0.17339822060148574
0	24	1	6	3	-8310167931672973347	-0.8442850551205857
0	24	1	6	3	-8310167931672973347	-3.10150886639488
0	24	1	6	3	-8310167931672973347	-1.0507869158555345
0	24	1	6	3	-8310167931672973347	0.552142367352438
0	24	1	6	3	-8310167931672973347	0.2671238598571083
0	24	1	6	3	-8310167931672973347	0.4532878939866395
0	24	1	6	3	-8310167931672973347	-0.40780318784816716
0	24	1	6	3	-8310167931672973347	-0.8263242216034661
0	24	1	6	3	-8310167931672973347	2.1603531637762146
0	24	1	6	3	-8310167931672973347	0.3303280888108158
0	25	0	6	2	-8310167931672973347	1.923757181469074
0	25	0	6	2	-8310167931672973347	0.653595308090039
0	25	0	6	2	-8310167931672973347	-0.9356858495981414
0	25	0	6	2	-8310167931672973347	1.564082937608101
0	25	0	6	2	-8310167931672973347	-1.9507955458737478
0	25	0	6	2	-8310167931672973347	1.8820273185171814
0	25	0	6	2	-8310167931672973347	-1.148467439991792
0	25	0	6	2	-8310167931672973347	-0.46183241472600817
0	25	0	6	2	-8310167931672973347	0.38857490323643984
0	25	0	6	2	-8310167931672973347	-0.10514784923796029
0	25	0	6	2	-8310167931672973347	0.5582970421097991
0	25	0	6	2	-8310167931672973347	1.6322855047418456
0	25	1	6	3	-8310167931672973347	-0.06408153830171083
0	25	1	6	3	-8310167931672973347	-0.8185486774332149
0	25	1	6	3	-8310167931672973347	-1.8901898528038357
0	25	1	6	3	-8310167931672973347	-0.6504850808412082
0	25	1	6	3	-8310167931672973347	0.055480817078332065
0	25	1	6	3	-8310167931672973347	0.20936787567228193
0	25	1	6	3	-8310167931672973347	0.794178372179745
0	25	1	6	3	-8310167931672973347	-1.4773315140711487
0	25	1	6	3	-8310167931672973347	-1.2722039368869287
0	25	1	6	3	-8310167931672973347	-1.536272254730158
0	25	1	6	3	-8310167931672973347	0.1124105709680823
0	25	1	6	3	-8310167931672973347	-1.4300365539944702
0	25	1	6	3	-8310167931672973347	1.9904641647393984
0	25	1	6	3	-8310167931672973347	-1.4852443723517916
0	25	1	6	3	-8310167931672973347	-0.06263059706995076
0	25	1	6	3	-8310167931672973347	0.38869820479111383
0	25	1	6	3	-8310167931672973347	-1.1816128882468349
0	25	1	6	3	-8310167931672973347	-0.8120487284570964
0	26	0	6	2	-8310167931672973347	-0.663175945479539
0	26	0	6	2	-8310167931672973347	-0.3659341311659487
0	26	0	6	2	-8310167931672973347	-0.22799600225822225
0	26	0	6	2	-8310167931672973347	0.6447331130594642
0	26	0	6	2	-8310167931672973347	0.9925778653043427
0	26	0	6	2	-8310167931672973347	-0.13537303511153612
0	26	0	6	2	-8310167931672973347	-0.8338261091706909
0	26	0	6	2	-8310167931672973347	0.058018998812042796
0	26	0	6	2	-8310167931672973347	0.3511474327293816
0	26	0	6	2	-8310167931672973347	0.4226043421703757
0	26	0	6	2	-8310167931672973347	0.00846947498616593
0	26	0	6	2	-8310167931672973347	-0.5085718763465603
0	26	1	6	3	-8310167931672973347	0.37144680566705085
0	26	1	6	3	-8310167931672973347	0.6407288003371562
0	26	1	6	3	-8310167931672973347	0.24094572977926323
0	26	1	6	3	-8310167931672973347	-2.184220178983811
0	26	1	6	3	-8310167931672973347	-0.5241968898505731
0	26	1	6	3	-8310167931672973347	-1.56820593104178
0	26	1	6	3	-8310167931672973347	-0.8028215416952367
0	26	1	6	3	-8310167931672973347	-1.5164291809464079
0	26	1	6	3	-8310167931672973347	0.5807185093365561
0	26	1	6	3	-8310167931672973347	1.3399965938253817
0	26	1	6	3	-8310167931672973347	0.03963564180758758
0	26	1	6	3	-8310167931672973347	-0.7654466521344917
0	26	1	6	3	-8310167931672973347	1.8216797222004857
0	26	1	6	3	-8310167931672973347	0.5050274096529498
0	26	1	6	3	-8310167931672973347	0.9614888620432284
0	26	1	6	3	-8310167931672973347	-0.4323236013328596
0	26	1	6	3	-8310167931672973347	-1.433721898759881
0	26	1	6	3	-8310167931672973347	-1.950743408697715
0	27	0	6	2	-8310167931672973347	0.49092771521639544
0	27	0	6	2	-8310167931672973347	-0.001990391677132566
0	27	0	6	2	-8310167931672973347	-0.8006992040506661
0	27	0	6	2	-8310167931672973347	0.02772994334712901
0	27	0	6	2	-8310167931672973347	0.9154220659279639
0	27	0	6	2	-8310167931672973347	1.2511984220676562
0	27	0	6	2	-8310167931672973347	-0.3800089033100176
0	27	0	6	2	-8310167931672973347	-0.06356930482124759
0	27	0	6	2	-8310167931672973347	-0.20822092839697173
0	27	0	6	2	-8310167931672973347	0.4098351634625309
0	27	0	6	2	-8310167931672973347	1.749327253833651
0	27	0	6	2	-8310167931672973347	-0.4709592530381953
0	27	1	6	3	-8310167931672973347	0.9720869488136741
0	27	1	6	3	-8310167931672973347	0.39002375754660545
0	27	1	6	3	-8310167931672973347	0.5390052163987629
0	27	1	6	3	-8310167931672973347	-2.170650892755729
0	27	1	6	3	-8310167931672973347	1.4875655173386897
0	27	1	6	3	-8310167931672973347	-0.900768717822729
0	27	1	6	3	-8310167931672973347	0.698128396887361
0	27	1	6	3	-8310167931672973347	1.2197746105540999
0	27	1	6	3	-8310167931672973347	2.035458554770014
0	27	1	6	3	-8310167931672973347	0.03183324028793881
0	27	1	6	3	-8310167931672973347	0.03755220480876738
0	27	1	6	3	-8310167931672973347	0.9993891041955483
0	27	1	6	3	-8310167931672973347	0.8393035399848103
0	27	1	6	3	-8310167931672973347	-2.126460626996493
0	27	1	6	3	-8310167931672973347	0.587216818533477
0	27	1	6	3	-8310167931672973347	0.300905463367839
0	27	1	6	3	-8310167931672973347	0.24141073595348506
0	27	1	6	3	-8310167931672973347	0.12160432953869356
0	28	0	6	2	-8310167931672973347	-2.0386452776400756
0	28	0	6	2	-8310167931672973347	0.32367107539091106
0	28	0	6	2	-8310167931672973347	-1.1731653249654888
0	28	0	6	2	-8310167931672973347	0.3309722929843412
0	28	0	6	2	-8310167931672973347	1.6591200160640092
0	28	0	6	2	-8310167931672973347	-0.2603254689949973
0	28	0	6	2	-8310167931672973347	0.05080904366246525
0	28	0	6	2	-8310167931672973347	-0.037038412768180325
0	28	0	6	2	-8310167931672973347	0.2030905856086554
0	28	0	6	2	-8310167931672973347	0.990280336747524
0	28	0	6	2	-8310167931672973347	1.3540251666528507
0	28	0	6	2	-8310167931672973347	-0.09069993526872597
0	28	1	6	3	-8310167931672973347	0.6312809961143737
0	28	1	6	3	-8310167931672973347	-0.5839192515808177
0	28	1	6	3	-8310167931672973347	0.15279102551441437
0	28	1	6	3	-8310167931672973347	-0.7772960227456446
0	28	1	6	3	-8310167931672973347	1.8360233861799653
0	28	1	6	3	-8310167931672973347	0.40237813026184166
0	28	1	6	3	-8310167931672973347	-0.056554388471070666
0	28	1	6	3	-8310167931672973347	0.2545062135400433
0	28	1	6	3	-8310167931672973347	0.4612414403264428
0	28	1	6	3	-8310167931672973347	0.15330929214503797
0	28	1	6	3	-8310167931672973347	0.5340657267114938
0	28	1	6	3	-8310167931672973347	1.2631018103538656
0	28	1	6	3	-8310167931672973347	-0.47111542240498294
0	28	1	6	3	-8310167931672973347	1.6365176100692458
0	28	1	6	3	-8310167931672973347	1.2481787893754206
0	28	1	6	3	-8310167931672973347	-0.29010838806477807
0	28	1	6	3	-8310167931672973347	0.6651045177691108
0	28	1	6	3	-8310167931672973347	-0.562884387527854
0	29	0	6	2	-8310167931672973347	-0.1282894506068097
0	29	0	6	2	-8310167931672973347	-0.5371889338717171
0	29	0	6	2	-8310167931672973347	-0.15881260956909235
0	29	0	6	2	-8310167931672973347	-0.6169998768026616
0	29	0	6	2	-8310167931672973347	-1.9283130937760395
0	29	0	6	2	-8310167931672973347	0.1742170290068968
0	29	0	6	2	-8310167931672973347	-0.7121108784861113
0	29	0	6	2	-8310167931672973347	1.1199503272632143
0	29	0	6	2	-8310167931672973347	-1.2642318668138213
0	29	0	6	2	-8310167931672973347	0.2576092386748676
0	29	0	6	2	-8310167931672973347	0.4662140393437539
0	29	0	6	2	-8310167931672973347	1.5813828949180257
0	29	1	6	3	-8310167931672973347	-0.12964750083155407
0	29	1	6	3	-8310167931672973347	-0.152546406461713
0	29	1	6	3	-8310167931672973347	-0.45516753447240366
0	29	1	6	3	-8310167931672973347	0.7574925276529311
0	29	1	6	3	-8310167931672973347	0.7026796867437499
0	29	1	6	3	-8310167931672973347	0.6235302261856355
0	29	1	6	3	-8310167931672973347	1.1413810217250784
0	29	1	6	3	-8310167931672973347	-0.740502173960699
0	29	1	6	3	-8310167931672973347	0.31754051889826806
0	29	1	6	3	-8310167931672973347	-1.3075072994182015
0	29	1	6	3	-8310167931672973347	0.2064950804029734
0	29	1	6	3	-8310167931672973347	0.6528831174723042
0	29	1	6	3	-8310167931672973347	0.3764201342634457
0	29	1	6	3	-8310167931672973347	-1.9532625736665217
0	29	1	6	3	-8310167931672973347	1.2385213265347808
0	29	1	6	3	-8310167931672973347	-1.705301195016684
0	29	1	6	3	-8310167931672973347	0.6092561197676857
0	29	1	6	3	-8310167931672973347	-0.6880443426214551
0	30	0	6	2	-8310167931672973347	0.7095221093160378
0	30	0	6	2	-8310167931672973347	0.14305684184802714
0	30	0	6	2	-8310167931672973347	-0.9735220142634137
0	30	0	6	2	-8310167931672973347	-1.399166994985358
0	30	0	6	2	-8310167931672973347	-0.34098733057090247
0	30	0	6	2	-8310167931672973347	1.857724380640843
0	30	0	6	2	-8310167931672973347	-0.8312333809376712
0	30	0	6	2	-8310167931672973347	-2.2017917158967752
0	30	0	6	2	-8310167931672973347	0.8419038924694753
0	30	0	6	2	-8310167931672973347	0.6379667282514007
0	30	0	6	2	-8310167931672973347	-2.0155231385296912
0	30	0	6	2	-8310167931672973347	-0.2885658690069423
0	30	1	6	3	-8310167931672973347	-1.024026711982259
0	30	1	6	3	-8310167931672973347	0.5968258586148053
0	30	1	6	3	-8310167931672973347	0.3209452455509508
0	30	1	6	3	-8310167931672973347	-0.04663998885059951
0	30	1	6	3	-8310167931672973347	0.6885849270599527
0	30	1	6	3	-8310167931672973347	0.5943848449103694
0	30	1	6	3	-8310167931672973347	-0.4047400675410009
0	30	1	6	3	-8310167931672973347	0.9367050089212768
0	30	1	6	3	-8310167931672973347	0.4216062777582492
0	30	1	6	3	-8310167931672973347	-0.20763411140441093
0	30	1	6	3	-8310167931672973347	-0.23021309120251993
0	30	1	6	3	-8310167931672973347	1.4257198065580612
0	30	1	6	3	-8310167931672973347	-0.13062078316422518
0	30	1	6	3	-8310167931672973347	0.30624691754165656
0	30	1	6	3	-8310167931672973347	-2.4577810133532907
0	30	1	6	3	-8310167931672973347	0.5764562863341213
0	30	1	6	3	-8310167931672973347	-2.2230594503630248
0	30	1	6	3	-8310167931672973347	0.2027786847667257
0	31	0	6	2	-8310167931672973347	-1.5159866096346577
0	31	0	6	2	-8310167931672973347	-1.0861734410985362
0	31	0	6	2	-8310167931672973347	1.03851198945774
0	31	0	6	2	-8310167931672973347	-0.8086809059763908
0	31	0	6	2	-8310167931672973347	2.110129834734448
0	31	0	6	2	-8310167931672973347	0.45652231903089174
0	31	0	6	2	-8310167931672973347	-1.4714027912185632
0	31	0	6	2	-8310167931672973347	1.2911808097000756
0	31	0	6	2	-8310167931672973347	-0.1740061721614441
0	31	0	6	2	-8310167931672973347	0.8878128116302264
0	31	0	6	2	-8310167931672973347	-1.2259708783185883
0	31	0	6	2	-8310167931672973347	-0.6394242937371128
0	31	1	6	3	-8310167931672973347	0.723615755840341
0	31	1	6	3	-8310167931672973347	0.4388893944060174
0	31	1	6	3	-8310167931672973347	0.09878568855876158
0	31	1	6	3	-8310167931672973347	0.0981663586818606
0	31	1	6	3	-8310167931672973347	2.1037314303509915
0	31	1	6	3	-8310167931672973347	-0.6210730215487215
0	31	1	6	3	-8310167931672973347	0.47503946276303044
0	31	1	6	3	-8310167931672973347	-0.6438147433387804
0	31	1	6	3	-8310167931672973347	-0.7738295003522482
0	31	1	6	3	-8310167931672973347	-1.1861774047694307
0	31	1	6	3	-8310167931672973347	-0.07673962720409885
0	31	1	6	3	-8310167931672973347	1.8959144129103591
0	31	1	6	3	-8310167931672973347	-0.7501270830969665
0	31	1	6	3	-8310167931672973347	1.1229899371329974
0	31	1	6	3	-8310167931672973347	0.46825345135202023
0	31	1	6	3	-8310167931672973347	-1.04569155094185
0	31	1	6	3	-8310167931672973347	-0.8188372949437867
0	31	1	6	3	-8310167931672973347	-0.8680805450876141
0	32	0	6	2	-8310167931672973347	0.27742813424513774
0	32	0	6	2	-8310167931672973347	0.566516384632603
0	32	0	6	2	-8310167931672973347	0.261441717415064
0	32	0	6	2	-8310167931672973347	0.16964179539200497
0	32	0	6	2	-8310167931672973347	-1.3456520307068365
0	32	0	6	2	-8310167931672973347	-0.4612810449565678
0	32	0	6	2	-8310167931672973347	-0.13394205818260793
0	32	0	6	2	-8310167931672973347	1.0881184367325556
0	32	0	6	2	-8310167931672973347	0.4687823714645
0	32	0	6	2	-8310167931672973347	-1.62796572875743
0	32	0	6	2	-8310167931672973347	0.25581728024607936
0	32	0	6	2	-8310167931672973347	-1.7956884454091182
0	32	1	6	3	-8310167931672973347	-1.0566502711225036
0	32	1	6	3	-8310167931672973347	1.1916294120716135
0	32	1	6	3	-8310167931672973347	0.5255757068606373
0	32	1	6	3	-8310167931672973347	1.4696197009277854
0	32	1	6	3	-8310167931672973347	0.2610421283100047
0	32	1	6	3	-8310167931672973347	-0.8088905850396828
0	32	1	6	3	-8310167931672973347	-0.10311408797943111
0	32	1	6	3	-8310167931672973347	-0.6924838309190741
0	32	1	6	3	-8310167931672973347	1.0700292561319507
0	32	1	6	3	-8310167931672973347	0.07147188767215744
0	32	1	6	3	-8310167931672973347	0.6625040471482044
0	32	1	6	3	-8310167931672973347	0.2786553785790986
0	32	1	6	3	-8310167931672973347	1.5871554807566768
0	32	1	6	3	-8310167931672973347	-0.07163847818380256
0	32	1	6	3	-8310167931672973347	-0.23868390942691456
0	32	1	6	3	-8310167931672973347	-0.44817139838926173
0	32	1	6	3	-8310167931672973347	1.3286632776905758
0	32	1	6	3	-8310167931672973347	-0.011754132020698081
0	33	0	6	2	-8310167931672973347	1.200716431187634
0	33	0	6	2	-8310167931672973347	-0.015395573364439861
0	33	0	6	2	-8310167931672973347	-0.15844584691609592
0	33	0	6	2	-8310167931672973347	0.04255409624835633
0	33	0	6	2	-8310167931672973347	1.098559927785276
0	33	0	6	2	-8310167931672973347	0.20495977934888476
0	33	0	6	2	-8310167931672973347	1.2164974207138746
0	33	0	6	2	-8310167931672973347	1.0841470108944993
0	33	0	6	2	-8310167931672973347	-1.6364460911347942
0	33	0	6	2	-8310167931672973347	0.05460984344051599
0	33	0	6	2	-8310167931672973347	-0.532157887861696
0	33	0	6	2	-8310167931672973347	-2.1853741943654366
0	33	1	6	3	-8310167931672973347	0.020296022573839095
0	33	1	6	3	-8310167931672973347	-0.3751169794411189
0	33	1	6	3	-8310167931672973347	-0.22209288112977557
0	33	1	6	3	-8310167931672973347	-0.6828196959437314
0	33	1	6	3	-8310167931672973347	0.6394960426151457
0	33	1	6	3	-8310167931672973347	-0.5109550385907949
0	33	1	6	3	-8310167931672973347	1.2263904012887383
0	33	1	6	3	-8310167931672973347	0.39262888148277897
0	33	1	6	3	-8310167931672973347	0.20753383916438112
0	33	1	6	3	-8310167931672973347	1.1194062549789627
0	33	1	6	3	-8310167931672973347	-0.1986200513064506
0	33	1	6	3	-8310167931672973347	-1.2871273094571147
0	33	1	6	3	-8310167931672973347	1.069602298132441
0	33	1	6	3	-8310167931672973347	0.598213685965983
0	33	1	6	3	-8310167931672973347	0.2746172297742851
0	33	1	6	3	-8310167931672973347	-1.0047786763581283
0	33	1	6	3	-8310167931672973347	0.10363855377815873
0	33	1	6	3	-8310167931672973347	-1.4621203821965403
0	34	0	6	2	-8310167931672973347	1.20031020645881
0	34	0	6	2	-8310167931672973347	0.4488958785165422
0	34	0	6	2	-8310167931672973347	0.5125900525401792
0	34	0	6	2	-8310167931672973347	0.10636404002522314
0	34	0	6	2	-8310167931672973347	0.12354017704932688
0	34	0	6	2	-8310167931672973347	1.574893427689554
0	34	0	6	2	-8310167931672973347	-1.376223283949942
0	34	0	6	2	-8310167931672973347	-0.948043450050355
0	34	0	6	2	-8310167931672973347	-1.3037473114985934
0	34	0	6	2	-8310167931672973347	-0.8473449023807056
0	34	0	6	2	-8310167931672973347	-0.5222281694076473
0	34	0	6	2	-8310167931672973347	-0.9120253878289833
0	34	1	6	3	-8310167931672973347	0.7635935522063491
0	34	1	6	3	-8310167931672973347	-0.21920836681473221
0	34	1	6	3	-8310167931672973347	0.18816021923305543
0	34	1	6	3	-8310167931672973347	-1.1886871212710595
0	34	1	6	3	-8310167931672973347	-0.7592692605526639
0	34	1	6	3	-8310167931672973347	0.7027698144534479
0	34	1	6	3	-8310167931672973347	0.01170121038014173
0	34	1	6	3	-8310167931672973347	-1.1020056890667527
0	34	1	6	3	-8310167931672973347	-1.775130092221673
0	34	1	6	3	-8310167931672973347	0.41313145315994715
0	34	1	6	3	-8310167931672973347	-1.1040607806285816
0	34	1	6	3	-8310167931672973347	0.25887692088633574
0	34	1	6	3	-8310167931672973347	-1.139189002830615
0	34	1	6	3	-8310167931672973347	-0.025405916332910842
0	34	1	6	3	-8310167931672973347	0.09717592439905648
0	34	1	6	3	-8310167931672973347	-0.7331775050538201
0	34	1	6	3	-8310167931672973347	-0.4688843581301222
0	34	1	6	3	-8310167931672973347	-0.39622915684929155
0	35	0	6	2	-8310167931672973347	0.8557825907306581
0	35	0	6	2	-8310167931672973347	1.254318332731967
0	35	0	6	2	-8310167931672973347	1.6872950246151952
0	35	0	6	2	-8310167931672973347	-0.9550371954844472
0	35	0	6	2	-8310167931672973347	-0.49108783799623057
0	35	0	6	2	-8310167931672973347	-1.170007944508714
0	35	0	6	2	-8310167931672973347	1.1002695252371497
0	35	0	6	2	-8310167931672973347	0.28767666183727314
0	35	0	6	2	-8310167931672973347	0.07619742876029895
0	35	0	6	2	-8310167931672973347	0.19048335561698107
0	35	0	6	2	-8310167931672973347	0.26770728900255375
0	35	0	6	2	-8310167931672973347	-1.283870992731056
0	35	1	6	3	-8310167931672973347	-0.18122076536343212
0	35	1	6	3	-8310167931672973347	-0.5936173870743702
0	35	1	6	3	-8310167931672973347	1.0180162292476072
0	35	1	6	3	-8310167931672973347	0.11838898232003958
0	35	1	6	3	-8310167931672973347	0.8218741634487337
0	35	1	6	3	-8310167931672973347	-0.9910529496494339
0	35	1	6	3	-8310167931672973347	0.7224260205417753
0	35	1	6	3	-8310167931672973347	-0.47674236228132294
0	35	1	6	3	-8310167931672973347	-0.8756517814787103
0	35	1	6	3	-8310167931672973347	-1.603924153652319
0	35	1	6	3	-8310167931672973347	1.3415033362907278
0	35	1	6	3	-8310167931672973347	1.2188305701108657
0	35	1	6	3	-8310167931672973347	0.5653277656508339
0	35	1	6	3	-8310167931672973347	-1.5282274660840263
0	35	1	6	3	-8310167931672973347	-1.3641889023090417
0	35	1	6	3	-8310167931672973347	-0.4233100022522587
0	35	1	6	3	-8310167931672973347	-0.23430115100104257
0	35	1	6	3	-8310167931672973347	-0.5048544505211736
0	36	0	6	2	-8310167931672973347	-0.2310195223661953
0	36	0	6	2	-8310167931672973347	-1.0416965284687631
0	36	0	6	2	-8310167931672973347	-1.2931334113662973
0	36	0	6	2	-8310167931672973347	1.3260078857220905
0	36	0	6	2	-8310167931672973347	-0.24934898662437993
0	36	0	6	2	-8310167931672973347	-1.3514563416393561
0	36	0	6	2	-8310167931672973347	-1.0055778863536187
0	36	0	6	2	-8310167931672973347	0.8750002589770216
0	36	0	6	2	-8310167931672973347	0.5151317810095842
0	36	0	6	2	-8310167931672973347	0.16487099966086866
0	36	0	6	2	-8310167931672973347	-0.5915767643101343
0	36	0	6	2	-8310167931672973347	0.4337754192615917
0	36	1	6	3	-8310167931672973347	0.6500106622687557
0	36	1	6	3	-8310167931672973347	1.437417411798188
0	36	1	6	3	-8310167931672973347	0.4212341853840884
0	36	1	6	3	-8310167931672973347	-2.2101676571817257
0	36	1	6	3	-8310167931672973347	-2.140659033239172
0	36	1	6	3	-8310167931672973347	0.18368187490243412
0	36	1	6	3	-8310167931672973347	-1.222961867637912
0	36	1	6	3	-8310167931672973347	-0.394038472655317
0	36	1	6	3	-8310167931672973347	0.433883778365204
0	36	1	6	3	-8310167931672973347	0.8366520270300544
0	36	1	6	3	-8310167931672973347	-2.3646737979118444
0	36	1	6	3	-8310167931672973347	-0.33783585917450387
0	36	1	6	3	-8310167931672973347	1.2625072987647918
0	36	1	6	3	-8310167931672973347	1.0159760152077466
0	36	1	6	3	-8310167931672973347	2.5364502258476245
0	36	1	6	3	-8310167931672973347	1.7627373259821686
0	36	1	6	3	-8310167931672973347	-1.0135384753515801
0	36	1	6	3	-8310167931672973347	0.804424819558908
0	37	0	6	2	-8310167931672973347	0.1881065954752076
0	37	0	6	2	-8310167931672973347	-0.970280313789848
0	37	0	6	2	-8310167931672973347	0.7870820615530763
0	37	0	6	2	-8310167931672973347	0.4650295866535656
0	37	0	6	2	-8310167931672973347	0.39828844669100794
0	37	0	6	2	-8310167931672973347	1.506081622372381
0	37	0	6	2	-8310167931672973347	-0.24092963130729705
0	37	0	6	2	-8310167931672973347	0.33587800916096155
0	37	0	6	2	-8310167931672973347	0.04662804955782351
0	37	0	6	2	-8310167931672973347	0.13585973828142556
0	37	0	6	2	-8310167931672973347	0.6113347268107857
0	37	0	6	2	-8310167931672973347	0.48595216931218105
0	37	1	6	3	-8310167931672973347	-2.0740262615174263
0	37	1	6	3	-8310167931672973347	0.4081862123632752
0	37	1	6	3	-8310167931672973347	0.01650788398939162
0	37	1	6	3	-8310167931672973347	-1.1127365266921665
0	37	1	6	3	-8310167931672973347	1.0351596784021508
0	37	1	6	3	-8310167931672973347	-1.6036197123834985
0	37	1	6	3	-8310167931672973347	2.550805485467348
0	37	1	6	3	-8310167931672973347	0.4378495430602608
0	37	1	6	3	-8310167931672973347	0.6284140915084666
0	37	1	6	3	-8310167931672973347	-1.5262514170035786
0	37	1	6	3	-8310167931672973347	0.6981019201339534
0	37	1	6	3	-8310167931672973347	-0.8149606828636179
0	37	1	6	3	-8310167931672973347	0.08256460612461833
0	37	1	6	3	-8310167931672973347	0.8046236983486669
0	37	1	6	3	-8310167931672973347	-0.9808716252541128
0	37	1	6	3	-8310167931672973347	-0.23446785669775688
0	37	1	6	3	-8310167931672973347	-2.2984922136195904
0	37	1	6	3	-8310167931672973347	-0.13026765104338123
0	38	0	6	2	-8310167931672973347	-0.574236381475075
0	38	0	6	2	-8310167931672973347	0.8077340867993992
0	38	0	6	2	-8310167931672973347	-0.8771978641316389
0	38	0	6	2	-8310167931672973347	1.3577840563423447
0	38	0	6	2	-8310167931672973347	0.5142096789060042
0	38	0	6	2	-8310167931672973347	-0.8746627310952308
0	38	0	6	2	-8310167931672973347	-0.7924190542183435
0	38	0	6	2	-8310167931672973347	-0.35648667665380857
0	38	0	6	2	-8310167931672973347	1.377687620199426
0	38	0	6	2	-8310167931672973347	0.5416122647889987
0	38	0	6	2	-8310167931672973347	-0.04964143473720178
0	38	0	6	2	-8310167931672973347	-0.4893856802498457
0	38	1	6	3	-8310167931672973347	0.13856749201813764
0	38	1	6	3	-8310167931672973347	-0.9042154266720057
0	38	1	6	3	-8310167931672973347	-0.6319510345002154
0	38	1	6	3	-8310167931672973347	-0.35465351535352874
0	38	1	6	3	-8310167931672973347	-0.3278601039253995
0	38	1	6	3	-8310167931672973347	-0.3480063410811328
0	38	1	6	3	-8310167931672973347	-0.8081046277393521
0	38	1	6	3	-8310167931672973347	-0.01656945746334519
0	38	1	6	3	-8310167931672973347	0.9146857924296352
0	38	1	6	3	-8310167931672973347	-0.884152545320242
0	38	1	6	3	-8310167931672973347	0.7501787070198093
0	38	1	6	3	-8310167931672973347	-0.3587698325986531
0	38	1	6	3	-8310167931672973347	0.2713752779669891
0	38	1	6	3	-8310167931672973347	1.2116144276609964
0	38	1	6	3	-8310167931672973347	0.3486381551391777
0	38	1	6	3	-8310167931672973347	-0.5916421534484099
0	38	1	6	3	-8310167931672973347	-1.584282009573929
0	38	1	6	3	-8310167931672973347	0.9993881174227812
1	0	0	6	1	-5548055268939680599	1.8049376082451192
1	0	0	6	1	-5548055268939680599	1.534729359858227
1	0	0	6	1	-5548055268939680599	-2.4888573583320484
1	0	0	6	1	-5548055268939680599	-0.28161455921987183
1	0	0	6	1	-5548055268939680599	-0.01636500199847679
1	0	0	6	1	-5548055268939680599	0.14261771003837947
1	0	1	6	3	-5548055268939680599	-0.22349936510771687
1	0	1	6	3	-5548055268939680599	0.05182831417809408
1	0	1	6	3	-5548055268939680599	0.48688217765587544
1	0	1	6	3	-5548055268939680599	0.044624101432394016
1	0	1	6	3	-5548055268939680599	0.6540716857269899
1	0	1	6	3	-5548055268939680599	-0.9650778561306183
1	0	1	6	3	-5548055268939680599	-1.1964806175777896
1	0	1	6	3	-5548055268939680599	-1.2843152703037461
1	0	1	6	3	-5548055268939680599	-0.002887011751920541
1	0	1	6	3	-5548055268939680599	-0.3884679315449177
1	0	1	6	3	-5548055268939680599	-0.3374256880637505
1	0	1	6	3	-5548055268939680599	0.7033721061604679
1	0	1	6	3	-5548055268939680599	0.521294511816065
1	0	1	6	3	-5548055268939680599	-0.6174363907666072
1	0	1	6	3	-5548055268939680599	-0.251010794468015
1	0	1	6	3	-5548055268939680599	0.8494763775052961
1	0	1	6	3	-5548055268939680599	-0.38299044178655967
1	0	1	6	3	-5548055268939680599	0.44279154541455285
1	1	0	6	1	-5548055268939680599	-0.4870517415610732
1	1	0	6	1	-5548055268939680599	-0.6440383919317735
1	1	0	6	1	-5548055268939680599	-2.681366128076822
1	1	0	6	1	-5548055268939680599	-0.5691273244602916
1	1	0	6	1	-5548055268939680599	0.8073147943981114
1	1	0	6	1	-5548055268939680599	-0.4298383899442163
1	1	1	6	3	-5548055268939680599	-1.320620222307007
1	1	1	6	3	-5548055268939680599	-0.1355068818090539
1	1	1	6	3	-5548055268939680599	-0.7667019311165484
1	1	1	6	3	-5548055268939680599	-0.6118993715448237
1	1	1	6	3	-5548055268939680599	-0.9898635748642126
1	1	1	6	3	-5548055268939680599	1.4271935683029426
1	1	1	6	3	-5548055268939680599	0.692170276548205
1	1	1	6	3	-5548055268939680599	-0.3907527217782228
1	1	1	6	3	-5548055268939680599	0.06696589677112491
1	1	1	6	3	-5548055268939680599	-0.8092136225173938
1	1	1	6	3	-5548055268939680599	0.8270793706744185
1	1	1	6	3	-5548055268939680599	-1.4712573007983893
1	1	1	6	3	-5548055268939680599	0.24051944676572906
1	1	1	6	3	-5548055268939680599	-0.6830937181542968
1	1	1	6	3	-5548055268939680599	0.055732110167011
1	1	1	6	3	-5548055268939680599	0.18365525213994893
1	1	1	6	3	-5548055268939680599	-1.1191060793161927
1	1	1	6	3	-5548055268939680599	-0.2247217714219342
1	2	0	6	1	-5548055268939680599	1.1966542875705433
1	2	0	6	1	-5548055268939680599	-1.3845875196721231
1	2	0	6	1	-5548055268939680599	0.9024251855212679
1	2	0	6	1	-5548055268939680599	-1.8263983007685478
1	2	0	6	1	-5548055268939680599	0.6854749781996659
1	2	0	6	1	-5548055268939680599	-0.7357246362048334
1	2	1	6	3	-5548055268939680599	-0.6742733301934148
1	2	1	6	3	-5548055268939680599	-0.5028824558374029
1	2	1	6	3	-5548055268939680599	-0.000537900895170375
1	2	1	6	3	-5548055268939680599	0.48611555047408
1	2	1	6	3	-5548055268939680599	-0.48251903068456425
1	2	1	6	3	-5548055268939680599	-0.011433179571039655
1	2	1	6	3	-5548055268939680599	-1.4355582458289466
1	2	1	6	3	-5548055268939680599	-1.3652829735485599
1	2	1	6	3	-5548055268939680599	-0.7527115531653465
1	2	1	6	3	-5548055268939680599	-1.097476497568808
1	2	1	6	3	-5548055268939680599	0.9325672077399014
1	2	1	6	3	-5548055268939680599	-0.558725969819009
1	2	1	6	3	-5548055268939680599	1.3085413781638517
1	2	1	6	3	-5548055268939680599	-0.6294009828276048
1	2	1	6	3	-5548055268939680599	-0.815594152729625
1	2	1	6	3	-5548055268939680599	0.29643831029621015
1	2	1	6	3	-5548055268939680599	-1.1328093027312827
1	2	1	6	3	-5548055268939680599	0.2313654721271496
1	3	0	6	1	-5548055268939680599	-0.4530680567330822
1	3	0	6	1	-5548055268939680599	1.4926829856542014
1	3	0	6	1	-5548055268939680599	0.8993670348654775
1	3	0	6	1	-5548055268939680599	-0.48035751754837785
1	3	0	6	1	-5548055268939680599	0.011168283918172994
1	3	0	6	1	-5548055268939680599	-0.2760046250622852
1	3	1	6	3	-5548055268939680599	-1.8829389855827898
1	3	1	6	3	-5548055268939680599	0.5469475956916637
1	3	1	6	3	-5548055268939680599	-1.0544277855987418
1	3	1	6	3	-5548055268939680599	0.22009580459789693
1	3	1	6	3	-5548055268939680599	-0.16274607778159775
1	3	1	6	3	-5548055268939680599	0.5605998064261664
1	3	1	6	3	-5548055268939680599	-1.0380425466944718
1	3	1	6	3	-5548055268939680599	1.297317938410463
1	3	1	6	3	-5548055268939680599	-0.12633144860740142
1	3	1	6	3	-5548055268939680599	1.0221881930870793
1	3	1	6	3	-5548055268939680599	0.2786981226791257
1	3	1	6	3	-5548055268939680599	0.6080433904628222
1	3	1	6	3	-5548055268939680599	-0.07078955897564755
1	3	1	6	3	-5548055268939680599	-0.22885481906116226
1	3	1	6	3	-5548055268939680599	-0.9876649116137847
1	3	1	6	3	-5548055268939680599	-0.1888641063035046
1	3	1	6	3	-5548055268939680599	-0.39801326977097184
1	3	1	6	3	-5548055268939680599	-0.18511687622069312
1	4	0	6	1	-5548055268939680599	0.7960110237038887
1	4	0	6	1	-5548055268939680599	-0.018499727160743752
1	4	0	6	1	-5548055268939680599	1.513223054262921
1	4	0	6	1	-5548055268939680599	1.3336058425426716
1	4	0	6	1	-5548055268939680599	-0.9066122871608806
1	4	0	6	1	-5548055268939680599	0.9985641510687941
1	4	1	6	3	-5548055268939680599	0.0508051524482432
1	4	1	6	3	-5548055268939680599	-1.8418634551350275
1	4	1	6	3	-5548055268939680599	-0.34825147613830904
1	4	1	6	3	-5548055268939680599	-0.2221842861391982
1	4	1	6	3	-5548055268939680599	0.6934492454376215
1	4	1	6	3	-5548055268939680599	0.21570099934474504
1	4	1	6	3	-5548055268939680599	-0.739920162165331
1	4	1	6	3	-5548055268939680599	-1.2889993551470849
1	4	1	6	3	-5548055268939680599	0.9264886055261814
1	4	1	6	3	-5548055268939680599	0.18530949858967916
1	4	1	6	3	-5548055268939680599	-0.050796602766987685
1	4	1	6	3	-5548055268939680599	-1.5347402849519212
1	4	1	6	3	-5548055268939680599	-0.3926985662526085
1	4	1	6	3	-5548055268939680599	-1.4275439350620656
1	4	1	6	3	-5548055268939680599	0.21385141177773817
1	4	1	6	3	-5548055268939680599	0.6301743958611452
1	4	1	6	3	-5548055268939680599	0.8780699195019611
1	4	1	6	3	-5548055268939680599	-0.6549554440280054
1	5	0	6	1	-5548055268939680599	0.002727074279717603
1	5	0	6	1	-5548055268939680599	0.6901369252175391
1	5	0	6	1	-5548055268939680599	-1.3882519861507936
1	5	0	6	1	-5548055268939680599	1.4675389052222219
1	5	0	6	1	-5548055268939680599	1.8920408927252907
1	5	0	6	1	-5548055268939680599	-1.915131450028684
1	5	1	6	3	-5548055268939680599	0.6096046678667245
1	5	1	6	3	-5548055268939680599	1.2426174175642322
1	5	1	6	3	-5548055268939680599	0.6019304850926843
1	5	1	6	3	-5548055268939680599	0.5639640117261081
1	5	1	6	3	-5548055268939680599	-0.06401682025435802
1	5	1	6	3	-5548055268939680599	0.9851727850686673
1	5	1	6	3	-5548055268939680599	-0.309895155128449
1	5	1	6	3	-5548055268939680599	-0.24828881236474412
1	5	1	6	3	-5548055268939680599	-0.3786128665441021
1	5	1	6	3	-5548055268939680599	-0.7903027978364033
1	5	1	6	3	-5548055268939680599	-0.5991492122410093
1	5	1	6	3	-5548055268939680599	1.0069055251947936
1	5	1	6	3	-5548055268939680599	1.768725528390221
1	5	1	6	3	-5548055268939680599	0.7149127507763221
1	5	1	6	3	-5548055268939680599	-0.23108293996264584
1	5	1	6	3	-5548055268939680599	0.6804702542480412
1	5	1	6	3	-5548055268939680599	0.9646997010432652
1	5	1	6	3	-5548055268939680599	0.15654256493504065
1	6	0	6	1	-5548055268939680599	0.3550799479511183
1	6	0	6	1	-5548055268939680599	1.1411256177305125
1	6	0	6	1	-5548055268939680599	-0.6163146464483079
1	6	0	6	1	-5548055268939680599	-1.663074410137672
1	6	0	6	1	-5548055268939680599	0.8682606293116933
1	6	0	6	1	-5548055268939680599	-0.45671726225261616
1	6	1	6	3	-5548055268939680599	0.7392595422645748
1	6	1	6	3	-5548055268939680599	0.5466513978233977
1	6	1	6	3	-5548055268939680599	-0.7079752807259537
1	6	1	6	3	-5548055268939680599	0.12591524117127556
1	6	1	6	3	-5548055268939680599	1.4584266512866015
1	6	1	6	3	-5548055268939680599	-0.9032876883233284
1	6	1	6	3	-5548055268939680599	0.004846667212288061
1	6	1	6	3	-5548055268939680599	2.192214044020673
1	6	1	6	3	-5548055268939680599	1.8672357906665011
1	6	1	6	3	-5548055268939680599	-0.5855669751157032
1	6	1	6	3	-5548055268939680599	-0.08796118376455608
1	6	1	6	3	-5548055268939680599	0.02475447843474299
1	6	1	6	3	-5548055268939680599	1.002963543569473
1	6	1	6	3	-5548055268939680599	1.2894197641365879
1	6	1	6	3	-5548055268939680599	-0.7842870572855891
1	6	1	6	3	-5548055268939680599	-0.41262619461899935
1	6	1	6	3	-5548055268939680599	-0.5558084988306976
1	6	1	6	3	-5548055268939680599	1.0876682985069372
1	7	0	6	1	-5548055268939680599	-0.8739848162764139
1	7	0	6	1	-5548055268939680599	1.2890588288976204
1	7	0	6	1	-5548055268939680599	0.6358857919641517
1	7	0	6	1	-5548055268939680599	-0.8678994970874295
1	7	0	6	1	-5548055268939680599	0.4818384675570696
1	7	0	6	1	-5548055268939680599	0.41799313695054136
1	7	1	6	3	-5548055268939680599	1.205322010012507
1	7	1	6	3	-5548055268939680599	-0.18914622588020824
1	7	1	6	3	-5548055268939680599	0.5341340736135252
1	7	1	6	3	-5548055268939680599	0.3636023947200462
1	7	1	6	3	-5548055268939680599	0.17151101325687526
1	7	1	6	3	-5548055268939680599	1.7128058084395157
1	7	1	6	3	-5548055268939680599	0.3802312349566653
1	7	1	6	3	-5548055268939680599	-1.3779724439395185
1	7	1	6	3	-5548055268939680599	-0.9932434305936976
1	7	1	6	3	-5548055268939680599	1.2659068496835466
1	7	1	6	3	-5548055268939680599	-0.3877341517372225
1	7	1	6	3	-5548055268939680599	-0.5389159474685119
1	7	1	6	3	-5548055268939680599	0.06472075692428748
1	7	1	6	3	-5548055268939680599	-1.6705464089080408
1	7	1	6	3	-5548055268939680599	0.7611199041182847
1	7	1	6	3	-5548055268939680599	-1.579588313398329
1	7	1	6	3	-5548055268939680599	-1.7941054192610768
1	7	1	6	3	-5548055268939680599	0.04961618732680685
1	8	0	6	1	-5548055268939680599	-1.0790507161467564
1	8	0	6	1	-5548055268939680599	1.4873019785145152
1	8	0	6	1	-5548055268939680599	0.23734267748282026
1	8	0	6	1	-5548055268939680599	0.11757329389789747
1	8	0	6	1	-5548055268939680599	-1.1066258581273931
1	8	0	6	1	-5548055268939680599	-2.4006815169669538
1	8	1	6	3	-5548055268939680599	-0.7053481293146893
1	8	1	6	3	-5548055268939680599	0.20976800901073747
1	8	1	6	3	-5548055268939680599	0.1765164505080581
1	8	1	6	3	-5548055268939680599	0.6734999206619258
1	8	1	6	3	-5548055268939680599	0.6543515879407371
1	8	1	6	3	-5548055268939680599	0.4734164529747181
1	8	1	6	3	-5548055268939680599	0.04999702146141733
1	8	1	6	3	-5548055268939680599	0.803381585438896
1	8	1	6	3	-5548055268939680599	1.181228076458866
1	8	1	6	3	-5548055268939680599	-0.38842340074509296
1	8	1	6	3	-5548055268939680599	1.0613402312335103
1	8	1	6	3	-5548055268939680599	-0.381588019114475
1	8	1	6	3	-5548055268939680599	-0.6323476411831557
1	8	1	6	3	-5548055268939680599	0.051217585272633155
1	8	1	6	3	-5548055268939680599	0.6346975735118046
1	8	1	6	3	-5548055268939680599	-0.04398788070529044
1	8	1	6	3	-5548055268939680599	-0.466569920136004
1	8	1	6	3	-5548055268939680599	-0.19993642948753337
1	9	0	6	1	-5548055268939680599	-0.40223778521556447
1	9	0	6	1	-5548055268939680599	-1.0489637426752543
1	9	0	6	1	-5548055268939680599	0.3397392046955364
1	9	0	6	1	-5548055268939680599	2.088816889062096
1	9	0	6	1	-5548055268939680599	-0.0917783429928695
1	9	0	6	1	-5548055268939680599	0.1687703525674713
1	9	1	6	3	-5548055268939680599	0.13080871273966327
1	9	1	6	3	-5548055268939680599	-0.7024277737139998
1	9	1	6	3	-5548055268939680599	-1.3009166592345305
1	9	1	6	3	-5548055268939680599	0.27613359576658575
1	9	1	6	3	-5548055268939680599	0.9818762115438465
1	9	1	6	3	-5548055268939680599	-0.09302295716445068
1	9	1	6	3	-5548055268939680599	-1.5913399089263065
1	9	1	6	3	-5548055268939680599	-1.2371862339211284
1	9	1	6	3	-5548055268939680599	0.3399686596227246
1	9	1	6	3	-5548055268939680599	1.8379814771901606
1	9	1	6	3	-5548055268939680599	0.7170244819703425
1	9	1	6	3	-5548055268939680599	-0.5749138263542017
1	9	1	6	3	-5548055268939680599	0.34132250387455243
1	9	1	6	3	-5548055268939680599	-0.7543759400061039
1	9	1	6	3	-5548055268939680599	0.08959350239687659
1	9	1	6	3	-5548055268939680599	1.1605535232119697
1	9	1	6	3	-5548055268939680599	-0.05990411783673276
1	9	1	6	3	-5548055268939680599	-1.8934075643489183
1	10	0	6	1	-5548055268939680599	0.5274355881118452
1	10	0	6	1	-5548055268939680599	2.7803322044959407
1	10	0	6	1	-5548055268939680599	-1.73573151024724
1	10	0	6	1	-5548055268939680599	-0.6138160008716003
1	10	0	6	1	-5548055268939680599	0.7871412933580891
1	10	0	6	1	-5548055268939680599	1.309292058950133
1	10	1	6	3	-5548055268939680599	0.6880905179808096
1	10	1	6	3	-5548055268939680599	-1.6093932410425302
1	10	1	6	3	-5548055268939680599	0.8572133539276767
1	10	1	6	3	-5548055268939680599	0.738909877929494
1	10	1	6	3	-5548055268939680599	0.8314003978829683
1	10	1	6	3	-5548055268939680599	1.5342006366744907
1	10	1	6	3	-5548055268939680599	-0.01932550681537732
1	10	1	6	3	-5548055268939680599	-1.5471760555432592
1	10	1	6	3	-5548055268939680599	-0.2691000806287778
1	10	1	6	3	-5548055268939680599	0.043673128818451125
1	10	1	6	3	-5548055268939680599	-0.93179474170384
1	10	1	6	3	-5548055268939680599	0.9577564225585898
1	10	1	6	3	-5548055268939680599	1.816712423141023
1	10	1	6	3	-5548055268939680599	0.19404293861449717
1	10	1	6	3	-5548055268939680599	-0.683559059962238
1	10	1	6	3	-5548055268939680599	-0.2560805501346646
1	10	1	6	3	-5548055268939680599	-1.3094859369579364
1	10	1	6	3	-5548055268939680599	0.9901635771138244
1	11	0	6	1	-5548055268939680599	-2.3838548734876075
1	11	0	6	1	-5548055268939680599	-0.2810614473630006
1	11	0	6	1	-5548055268939680599	-0.11070117414813001
1	11	0	6	1	-5548055268939680599	-0.25764598536521366
1	11	0	6	1	-5548055268939680599	-0.7991660549839789
1	11	0	6	1	-5548055268939680599	-0.8979799573131113
1	11	1	6	3	-5548055268939680599	-0.02812409794373449
1	11	1	6	3	-5548055268939680599	0.05501604884761488
1	11	1	6	3	-5548055268939680599	1.7077971081810337
1	11	1	6	3	-5548055268939680599	1.023874095176676
1	11	1	6	3	-5548055268939680599	-0.1276756060779642
1	11	1	6	3	-5548055268939680599	-0.10348862959583552
1	11	1	6	3	-5548055268939680599	0.986019913887483
1	11	1	6	3	-5548055268939680599	-1.6549896670108415
1	11	1	6	3	-5548055268939680599	0.10395867457753313
1	11	1	6	3	-5548055268939680599	1.4768067902513369
1	11	1	6	3	-5548055268939680599	-0.14032814965265325
1	11	1	6	3	-5548055268939680599	0.40117711917865295
1	11	1	6	3	-5548055268939680599	0.28251617670471507
1	11	1	6	3	-5548055268939680599	2.3964741283767403
1	11	1	6	3	-5548055268939680599	-0.08414351295738692
1	11	1	6	3	-5548055268939680599	-1.3495280643791108
1	11	1	6	3	-5548055268939680599	-1.0909322578158318
1	11	1	6	3	-5548055268939680599	0.35913637009372157
1	12	0	6	1	-5548055268939680599	0.10491201908816493
1	12	0	6	1	-5548055268939680599	-0.5927821100845361
1	12	0	6	1	-5548055268939680599	-1.5803891193806243
1	12	0	6	1	-5548055268939680599	1.637463945473937
1	12	0	6	1	-5548055268939680599	-0.08892664244206766
1	12	0	6	1	-5548055268939680599	0.7564221649607554
1	12	1	6	3	-5548055268939680599	-1.4806628364760952
1	12	1	6	3	-5548055268939680599	1.0657270906918828
1	12	1	6	3	-5548055268939680599	-0.6535361292517683
1	12	1	6	3	-5548055268939680599	-1.2841530967039554
1	12	1	6	3	-5548055268939680599	-0.6949227342134486
1	12	1	6	3	-5548055268939680599	0.9726063070463495
1	12	1	6	3	-5548055268939680599	-0.6735509981606256
1	12	1	6	3	-5548055268939680599	-1.3803789957428982
1	12	1	6	3	-5548055268939680599	0.3536727791994432
1	12	1	6	3	-5548055268939680599	1.0563258132886202
1	12	1	6	3	-5548055268939680599	2.472143915451507
1	12	1	6	3	-5548055268939680599	0.40619015698298877
1	12	1	6	3	-5548055268939680599	-1.275774760180905
1	12	1	6	3	-5548055268939680599	0.8696791884412362
1	12	1	6	3	-5548055268939680599	0.002115471527972284
1	12	1	6	3	-5548055268939680599	-0.3168864346687804
1	12	1	6	3	-5548055268939680599	-0.8914278574272281
1	12	1	6	3	-5548055268939680599	-1.3021523483601625
1	13	0	6	1	-5548055268939680599	-1.511418389665042
1	13	0	6	1	-5548055268939680599	-0.19986111448885258
1	13	0	6	1	-5548055268939680599	-0.23469888886289741
1	13	0	6	1	-5548055268939680599	0.7963641544208501
1	13	0	6	1	-5548055268939680599	-0.5355036621151121
1	13	0	6	1	-5548055268939680599	0.7426817024389583
1	13	1	6	3	-5548055268939680599	-0.15713581382474484
1	13	1	6	3	-5548055268939680599	-1.9669200933134132
1	13	1	6	3	-5548055268939680599	-0.9491391785938526
1	13	1	6	3	-5548055268939680599	-1.1685437099348785
1	13	1	6	3	-5548055268939680599	1.2452030185286913
1	13	1	6	3	-5548055268939680599	1.30859077665895
1	13	1	6	3	-5548055268939680599	0.95363871060336
1	13	1	6	3	-5548055268939680599	0.4340171380129562
1	13	1	6	3	-5548055268939680599	-0.891510501290851
1	13	1	6	3	-5548055268939680599	-0.3633731547242594
1	13	1	6	3	-5548055268939680599	0.30171581378360557
1	13	1	6	3	-5548055268939680599	-1.0639738750319163
1	13	1	6	3	-5548055268939680599	0.10388412895403908
1	13	1	6	3	-5548055268939680599	0.5480496254315975
1	13	1	6	3	-5548055268939680599	0.11105963784105623
1	13	1	6	3	-5548055268939680599	0.6531624136459968
1	13	1	6	3	-5548055268939680599	-0.23454081544437572
1	13	1	6	3	-5548055268939680599	-1.077405688217301
1	14	0	6	1	-5548055268939680599	-0.5850772725224486
1	14	0	6	1	-5548055268939680599	0.19753361106206002
1	14	0	6	1	-5548055268939680599	1.291362242706712
1	14	0	6	1	-5548055268939680599	0.26818816821210245
1	14	0	6	1	-5548055268939680599	-1.1752976366472636
1	14	0	6	1	-5548055268939680599	-0.1770437747674066
1	14	1	6	3	-5548055268939680599	-0.5020488723711313
1	14	1	6	3	-5548055268939680599	0.22977687505949781
1	14	1	6	3	-5548055268939680599	1.2165850682118822
1	14	1	6	3	-5548055268939680599	0.31719794165827353
1	14	1	6	3	-5548055268939680599	0.14324794902724347
1	14	1	6	3	-5548055268939680599	0.5474151958248765
1	14	1	6	3	-5548055268939680599	-2.10491876185399
1	14	1	6	3	-5548055268939680599	-0.10053678242872047
1	14	1	6	3	-5548055268939680599	0.1970624774423745
1	14	1	6	3	-5548055268939680599	0.931100315871149
1	14	1	6	3	-5548055268939680599	-2.079108945962516
1	14	1	6	3	-5548055268939680599	-2.4067137507836804
1	14	1	6	3	-5548055268939680599	-0.5193883469984028
1	14	1	6	3	-5548055268939680599	-1.0612961455435284
1	14	1	6	3	-5548055268939680599	0.8919578284799122
1	14	1	6	3	-5548055268939680599	-0.11730094634773616
1	14	1	6	3	-5548055268939680599	1.262745384921745
1	14	1	6	3	-5548055268939680599	-0.13431868044423512
1	15	0	6	1	-5548055268939680599	0.0631471628164492
1	15	0	6	1	-5548055268939680599	0.04289269410049638
1	15	0	6	1	-5548055268939680599	0.12012590383511815
1	15	0	6	1	-5548055268939680599	-0.8730362612261048
1	15	0	6	1	-5548055268939680599	-0.11086198493662736
1	15	0	6	1	-5548055268939680599	-0.5343084972302379
1	15	1	6	3	-5548055268939680599	0.25203098657852724
1	15	1	6	3	-5548055268939680599	1.034867122454393
1	15	1	6	3	-5548055268939680599	-0.5901135133356203
1	15	1	6	3	-5548055268939680599	-1.6242819695621395
1	15	1	6	3	-5548055268939680599	-0.14824155692531885
1	15	1	6	3	-5548055268939680599	0.38934690579171927
1	15	1	6	3	-5548055268939680599	0.145461404694109
1	15	1	6	3	-5548055268939680599	0.22258148757874685
1	15	1	6	3	-5548055268939680599	0.8858606351234576
1	15	1	6	3	-5548055268939680599	-1.21978893211878
1	15	1	6	3	-5548055268939680599	1.4725668702916008
1	15	1	6	3	-5548055268939680599	0.5779393366230419
1	15	1	6	3	-5548055268939680599	-1.3719838516915919
1	15	1	6	3	-5548055268939680599	2.238102684873419
1	15	1	6	3	-5548055268939680599	-0.7726305026226888
1	15	1	6	3	-5548055268939680599	1.965354341219999
1	15	1	6	3	-5548055268939680599	2.0003883291179725
1	15	1	6	3	-5548055268939680599	0.2092037550696319
1	16	0	6	1	-5548055268939680599	1.5780902899550633
1	16	0	6	1	-5548055268939680599	-0.07641372221719656
1	16	0	6	1	-5548055268939680599	0.14331987546356736
1	16	0	6	1	-5548055268939680599	0.27719908475802324
1	16	0	6	1	-5548055268939680599	2.039531673469974
1	16	0	6	1	-5548055268939680599	0.4412530634363718
1	16	1	6	3	-5548055268939680599	0.7183697809389231
1	16	1	6	3	-5548055268939680599	-0.005487266062511305
1	16	1	6	3	-5548055268939680599	1.437550922583384
1	16	1	6	3	-5548055268939680599	1.9264077788264835
1	16	1	6	3	-5548055268939680599	0.7161168070937678
1	16	1	6	3	-5548055268939680599	2.2553650248081616
1	16	1	6	3	-5548055268939680599	-0.304535989265743
1	16	1	6	3	-5548055268939680599	-0.4796364452869953
1	16	1	6	3	-5548055268939680599	-0.5406216706443607
1	16	1	6	3	-5548055268939680599	-0.23067551363169336
1	16	1	6	3	-5548055268939680599	-0.10753370111552564
1	16	1	6	3	-5548055268939680599	-0.5503572881283708
1	16	1	6	3	-5548055268939680599	-0.3541135806574269
1	16	1	6	3	-5548055268939680599	2.1991742371643292
1	16	1	6	3	-5548055268939680599	-1.620130042368321
1	16	1	6	3	-5548055268939680599	0.13948523964406748
1	16	1	6	3	-5548055268939680599	1.6165650547061892
1	16	1	6	3	-5548055268939680599	0.4437971982964354
1	17	0	6	1	-5548055268939680599	-0.11444295508624967
1	17	0	6	1	-5548055268939680599	0.7928374860821537
1	17	0	6	1	-5548055268939680599	0.244162690935315
1	17	0	6	1	-5548055268939680599	0.2820656498684901
1	17	0	6	1	-5548055268939680599	-0.09842404838353214
1	17	0	6	1	-5548055268939680599	0.06257085205393875
1	17	1	6	3	-5548055268939680599	0.41894718688540256
1	17	1	6	3	-5548055268939680599	1.252757318982166
1	17	1	6	3	-5548055268939680599	-1.053991209805097
1	17	1	6	3	-5548055268939680599	0.6977027651510248
1	17	1	6	3	-5548055268939680599	-0.8294735616682559
1	17	1	6	3	-5548055268939680599	-1.291622312068335
1	17	1	6	3	-5548055268939680599	0.03677947350142208
1	17	1	6	3	-5548055268939680599	1.8941837243794093
1	17	1	6	3	-5548055268939680599	-0.5595225898348782
1	17	1	6	3	-5548055268939680599	-3.342769211484159
1	17	1	6	3	-5548055268939680599	0.2709728428050214
1	17	1	6	3	-5548055268939680599	-0.5506158594281255
1	17	1	6	3	-5548055268939680599	1.3239980672586806
1	17	1	6	3	-5548055268939680599	-0.756280803266127
1	17	1	6	3	-5548055268939680599	-0.5753038994417605
1	17	1	6	3	-5548055268939680599	-0.7569263429842582
1	17	1	6	3	-5548055268939680599	2.073296279823056
1	17	1	6	3	-5548055268939680599	-0.1887064886350525
1	18	0	6	1	-5548055268939680599	1.0538016920848305
1	18	0	6	1	-5548055268939680599	0.047192362428109376
1	18	0	6	1	-5548055268939680599	0.16813336986165117
1	18	0	6	1	-5548055268939680599	-0.009810504903553311
1	18	0	6	1	-5548055268939680599	0.480456349392256
1	18	0	6	1	-5548055268939680599	0.2530521337955274
1	18	1	6	3	-5548055268939680599	0.8504057036468918
1	18	1	6	3	-5548055268939680599	-0.18177310082401774
1	18	1	6	3	-5548055268939680599	0.7750711479189684
1	18	1	6	3	-5548055268939680599	1.3588722019110637
1	18	1	6	3	-5548055268939680599	0.27393419144725223
1	18	1	6	3	-5548055268939680599	1.1296658264251342
1	18	1	6	3	-5548055268939680599	-0.6866219814892915
1	18	1	6	3	-5548055268939680599	0.7343868538159029
1	18	1	6	3	-5548055268939680599	-0.7093015084622276
1	18	1	6	3	-5548055268939680599	2.1147954427647075
1	18	1	6	3	-5548055268939680599	0.7745708125889592
1	18	1	6	3	-5548055268939680599	0.15063609571582856
1	18	1	6	3	-5548055268939680599	-0.28333546320236036
1	18	1	6	3	-5548055268939680599	0.9783471049696859
1	18	1	6	3	-5548055268939680599	1.172736192937117
1	18	1	6	3	-5548055268939680599	1.3245642241551157
1	18	1	6	3	-5548055268939680599	-1.2610824072015518
1	18	1	6	3	-5548055268939680599	-0.15339524125698986
1	19	0	6	1	-5548055268939680599	0.3341041371401353
1	19	0	6	1	-5548055268939680599	-0.6104700985183582
1	19	0	6	1	-5548055268939680599	0.7935176507914186
1	19	0	6	1	-5548055268939680599	-1.1590879247053685
1	19	0	6	1	-5548055268939680599	-1.4977102570964185
1	19	0	6	1	-5548055268939680599	-0.8272397320473229
1	19	1	6	3	-5548055268939680599	0.3553031935853587
1	19	1	6	3	-5548055268939680599	0.049445757590787384
1	19	1	6	3	-5548055268939680599	1.037974526890169
1	19	1	6	3	-5548055268939680599	-0.4170941962333013
1	19	1	6	3	-5548055268939680599	0.6136548151444181
1	19	1	6	3	-5548055268939680599	-1.4583822919005376
1	19	1	6	3	-5548055268939680599	0.14602576912738763
1	19	1	6	3	-5548055268939680599	-0.1235959521595886
1	19	1	6	3	-5548055268939680599	-0.41047146088023634
1	19	1	6	3	-5548055268939680599	-0.3018702275557909
1	19	1	6	3	-5548055268939680599	-0.2898789582296538
1	19	1	6	3	-5548055268939680599	-0.17383510110976955
1	19	1	6	3	-5548055268939680599	0.9109681738485416
1	19	1	6	3	-5548055268939680599	-1.2625041834046062
1	19	1	6	3	-5548055268939680599	0.15467461701270002
1	19	1	6	3	-5548055268939680599	-1.338624802053205
1	19	1	6	3	-5548055268939680599	-0.5453926766944304
1	19	1	6	3	-5548055268939680599	-1.7150184884831678
1	20	0	6	1	-5548055268939680599	0.7557307804980831
1	20	0	6	1	-5548055268939680599	1.8413308760478844
1	20	0	6	1	-5548055268939680599	0.7738804545708755
1	20	0	6	1	-5548055268939680599	0.2551397379841332
1	20	0	6	1	-5548055268939680599	-0.16359566947322365
1	20	0	6	1	-5548055268939680599	-0.6747425851332453
1	20	1	6	3	-5548055268939680599	-1.53673700746087
1	20	1	6	3	-5548055268939680599	-1.358978171439902
1	20	1	6	3	-5548055268939680599	-0.65640643435449
1	20	1	6	3	-5548055268939680599	1.8230637733816084
1	20	1	6	3	-5548055268939680599	0.21104675718125818
1	20	1	6	3	-5548055268939680599	0.5605755407218806
1	20	1	6	3	-5548055268939680599	0.196309389476879
1	20	1	6	3	-5548055268939680599	0.5086328483106656
1	20	1	6	3	-5548055268939680599	0.15789848636548287
1	20	1	6	3	-5548055268939680599	-0.17618941953322248
1	20	1	6	3	-5548055268939680599	-0.006140361369854394
1	20	1	6	3	-5548055268939680599	0.9603063723500092
1	20	1	6	3	-5548055268939680599	-0.42252593138324124
1	20	1	6	3	-5548055268939680599	-0.505871144459372
1	20	1	6	3	-5548055268939680599	1.1534819730212351
1	20	1	6	3	-5548055268939680599	-0.46787716114060224
1	20	1	6	3	-5548055268939680599	-1.5903606736523883
1	20	1	6	3	-5548055268939680599	-0.07457694310365348
1	21	0	6	1	-5548055268939680599	-1.990799276852991
1	21	0	6	1	-5548055268939680599	-0.6773359139438792
1	21	0	6	1	-5548055268939680599	1.5186683871127482
1	21	0	6	1	-5548055268939680599	0.15411835442239563
1	21	0	6	1	-5548055268939680599	-0.5961486392206593
1	21	0	6	1	-5548055268939680599	-0.09118587803759708
1	21	1	6	3	-5548055268939680599	-1.2942276430950732
1	21	1	6	3	-5548055268939680599	0.09151649817841823
1	21	1	6	3	-5548055268939680599	1.9624866725491217
1	21	1	6	3	-5548055268939680599	-0.7603873755609668
1	21	1	6	3	-5548055268939680599	0.17071771422440496
1	21	1	6	3	-5548055268939680599	-0.40393137872153867
1	21	1	6	3	-5548055268939680599	0.9411593433658452
1	21	1	6	3	-5548055268939680599	-1.125452989824158
1	21	1	6	3	-5548055268939680599	1.8831093091212496
1	21	1	6	3	-5548055268939680599	-0.37440391437974885
1	21	1	6	3	-5548055268939680599	2.298431947422329
1	21	1	6	3	-5548055268939680599	0.42508786814749366
1	21	1	6	3	-5548055268939680599	-0.13308267042725966
1	21	1	6	3	-5548055268939680599	0.8937485137584463
1	21	1	6	3	-5548055268939680599	-0.9945216214642821
1	21	1	6	3	-5548055268939680599	-0.7931362481221931
1	21	1	6	3	-5548055268939680599	1.3888341085377667
1	21	1	6	3	-5548055268939680599	1.432660053603228
1	22	0	6	1	-5548055268939680599	0.8847064275848636
1	22	0	6	1	-5548055268939680599	-0.19899085897057583
1	22	0	6	1	-5548055268939680599	0.42755862803542255
1	22	0	6	1	-5548055268939680599	0.7379004156556972
1	22	0	6	1	-5548055268939680599	0.35313384223182687
1	22	0	6	1	-5548055268939680599	1.0184114642626598
1	22	1	6	3	-5548055268939680599	0.7059377758333663
1	22	1	6	3	-5548055268939680599	-2.1766132501022057
1	22	1	6	3	-5548055268939680599	1.1532913184849256
1	22	1	6	3	-5548055268939680599	0.3901521544429704
1	22	1	6	3	-5548055268939680599	1.0884696214047094
1	22	1	6	3	-5548055268939680599	0.29557462852184824
1	22	1	6	3	-5548055268939680599	-1.050063834184387
1	22	1	6	3	-5548055268939680599	0.5905336912223348
1	22	1	6	3	-5548055268939680599	-1.5541035705868407
1	22	1	6	3	-5548055268939680599	-0.05773586560423946
1	22	1	6	3	-5548055268939680599	-0.028809284299962063
1	22	1	6	3	-5548055268939680599	-0.3663004031600706
1	22	1	6	3	-5548055268939680599	0.9395180735108374
1	22	1	6	3	-5548055268939680599	-1.546041990803975
1	22	1	6	3	-5548055268939680599	-1.1008666066751798
1	22	1	6	3	-5548055268939680599	-0.39794293491523286
1	22	1	6	3	-5548055268939680599	-2.780720658104464
1	22	1	6	3	-5548055268939680599	1.163065327723975
1	23	0	6	1	-5548055268939680599	-0.19229397921431432
1	23	0	6	1	-5548055268939680599	1.064269030200888
1	23	0	6	1	-5548055268939680599	0.48770071268895876
1	23	0	6	1	-5548055268939680599	-0.6507989930651722
1	23	0	6	1	-5548055268939680599	-0.22906365052042119
1	23	0	6	1	-5548055268939680599	-0.33953512786158613
1	23	1	6	3	-5548055268939680599	1.2220823879851637
1	23	1	6	3	-5548055268939680599	0.45975009239866726
1	23	1	6	3	-5548055268939680599	-0.1526671406057074
1	23	1	6	3	-5548055268939680599	-0.44877165753157877
1	23	1	6	3	-5548055268939680599	0.5390056464903923
1	23	1	6	3	-5548055268939680599	-1.4366196077428406
1	23	1	6	3	-5548055268939680599	-0.9214352581106651
1	23	1	6	3	-5548055268939680599	0.8818366549680221
1	23	1	6	3	-5548055268939680599	-0.17143122979891243
1	23	1	6	3	-5548055268939680599	-0.20128989141179146
1	23	1	6	3	-5548055268939680599	-0.3599010832602003
1	23	1	6	3	-5548055268939680599	-0.02054167368716058
1	23	1	6	3	-5548055268939680599	1.5147319473288883
1	23	1	6	3	-5548055268939680599	-2.8068195872326216
1	23	1	6	3	-5548055268939680599	1.035364325179796
1	23	1	6	3	-5548055268939680599	-0.5349575986711316
1	23	1	6	3	-5548055268939680599	-1.8546086192418927
1	23	1	6	3	-5548055268939680599	0.6032152489020026
1	24	0	6	1	-5548055268939680599	0.27743437308411706
1	24	0	6	1	-5548055268939680599	-1.9395769605095714
1	24	0	6	1	-5548055268939680599	-1.9630448446388051
1	24	0	6	1	-5548055268939680599	0.6882288484601738
1	24	0	6	1	-5548055268939680599	0.29547271514723317
1	24	0	6	1	-5548055268939680599	1.3166362178043896
1	24	1	6	3	-5548055268939680599	-1.291284387069649
1	24	1	6	3	-5548055268939680599	-1.624991089125881
1	24	1	6	3	-5548055268939680599	-0.85763490031457
1	24	1	6	3	-5548055268939680599	0.5286438233799235
1	24	1	6	3	-5548055268939680599	-0.5396900275877508
1	24	1	6	3	-5548055268939680599	2.0041925952794344
1	24	1	6	3	-5548055268939680599	-0.49978873306335186
1	24	1	6	3	-5548055268939680599	0.1871532997639037
1	24	1	6	3	-5548055268939680599	0.5496462880851577
1	24	1	6	3	-5548055268939680599	0.2848208638503908
1	24	1	6	3	-5548055268939680599	-0.07840138566276651
1	24	1	6	3	-5548055268939680599	-0.5511461197594674
1	24	1	6	3	-5548055268939680599	-1.7576517281728268
1	24	1	6	3	-5548055268939680599	0.4073090511131884
1	24	1	6	3	-5548055268939680599	1.3889828736711132
1	24	1	6	3	-5548055268939680599	1.561623354731958
1	24	1	6	3	-5548055268939680599	0.5482981594933325
1	24	1	6	3	-5548055268939680599	1.0197682809769124
1	25	0	6	1	-5548055268939680599	1.0739236223609583
1	25	0	6	1	-5548055268939680599	0.4331577963832986
1	25	0	6	1	-5548055268939680599	-0.6758254820108293
1	25	0	6	1	-5548055268939680599	0.0278194156011686
1	25	0	6	1	-5548055268939680599	-0.9883119405089389
1	25	0	6	1	-5548055268939680599	1.8353567873497179
1	25	1	6	3	-5548055268939680599	0.6977484101615705
1	25	1	6	3	-5548055268939680599	-0.27915968967688826
1	25	1	6	3	-5548055268939680599	-0.32080752913427285
1	25	1	6	3	-5548055268939680599	0.28567549112523666
1	25	1	6	3	-5548055268939680599	-0.680798389631412
1	25	1	6	3	-5548055268939680599	-0.3087358955818839
1	25	1	6	3	-5548055268939680599	-2.3373489972346806
1	25	1	6	3	-5548055268939680599	-1.500383729869323
1	25	1	6	3	-5548055268939680599	0.35745686842103164
1	25	1	6	3	-5548055268939680599	0.9895050609702358
1	25	1	6	3	-5548055268939680599	1.0941857224214777
1	25	1	6	3	-5548055268939680599	0.45808992630580114
1	25	1	6	3	-5548055268939680599	0.4590657167259228
1	25	1	6	3	-5548055268939680599	-0.8900307793721451
1	25	1	6	3	-5548055268939680599	2.0628594546204755
1	25	1	6	3	-5548055268939680599	-0.17790249312523013
1	25	1	6	3	-5548055268939680599	0.3037019720983556
1	25	1	6	3	-5548055268939680599	1.2045597261466927
1	26	0	6	1	-5548055268939680599	1.6027350966825156
1	26	0	6	1	-5548055268939680599	0.32704106636248964
1	26	0	6	1	-5548055268939680599	-0.2188469659012097
1	26	0	6	1	-5548055268939680599	1.867791416626824
1	26	0	6	1	-5548055268939680599	-1.7519608756878333
1	26	0	6	1	-5548055268939680599	0.6146159505202327
1	26	1	6	3	-5548055268939680599	-0.06913749972682845
1	26	1	6	3	-5548055268939680599	-1.5596153276983937
1	26	1	6	3	-5548055268939680599	0.40925568096463183
1	26	1	6	3	-5548055268939680599	-0.029051202695423748
1	26	1	6	3	-5548055268939680599	-1.2373914733013167
1	26	1	6	3	-5548055268939680599	-0.7259718574211496
1	26	1	6	3	-5548055268939680599	2.0311326837585666
1	26	1	6	3	-5548055268939680599	-2.394342518586043
1	26	1	6	3	-5548055268939680599	1.980647933491958
1	26	1	6	3	-5548055268939680599	1.051746997648962
1	26	1	6	3	-5548055268939680599	-1.5347003127002579
1	26	1	6	3	-5548055268939680599	0.09846165395621398
1	26	1	6	3	-5548055268939680599	-0.3396815490181533
1	26	1	6	3	-5548055268939680599	-0.5751629867936483
1	26	1	6	3	-5548055268939680599	-0.3395457340567977
1	26	1	6	3	-5548055268939680599	-0.5503118738029289
1	26	1	6	3	-5548055268939680599	1.1479025771613143
1	26	1	6	3	-5548055268939680599	-2.4645395826997283
1	27	0	6	1	-5548055268939680599	0.35363718626405394
1	27	0	6	1	-5548055268939680599	1.3257845153410122
1	27	0	6	1	-5548055268939680599	-1.1304594740907927
1	27	0	6	1	-5548055268939680599	-0.7263868853953256
1	27	0	6	1	-5548055268939680599	-0.17226355728203832
1	27	0	6	1	-5548055268939680599	-0.04225690607033996
1	27	1	6	3	-5548055268939680599	-0.271065608468621
1	27	1	6	3	-5548055268939680599	-0.34524368777835696
1	27	1	6	3	-5548055268939680599	0.23929675776467765
1	27	1	6	3	-5548055268939680599	1.0010940489579778
1	27	1	6	3	-5548055268939680599	-0.5799856839135276
1	27	1	6	3	-5548055268939680599	-0.9586125056058352
1	27	1	6	3	-5548055268939680599	0.4152772412475482
1	27	1	6	3	-5548055268939680599	0.08041180934825644
1	27	1	6	3	-5548055268939680599	0.09099945158246113
1	27	1	6	3	-5548055268939680599	-0.3196006053370381
1	27	1	6	3	-5548055268939680599	1.3061879716522429
1	27	1	6	3	-5548055268939680599	-0.40415147402412094
1	27	1	6	3	-5548055268939680599	-0.11714244916214839
1	27	1	6	3	-5548055268939680599	-0.946706437774752
1	27	1	6	3	-5548055268939680599	2.0373322406229497
1	27	1	6	3	-5548055268939680599	-0.4075305371952182
1	27	1	6	3	-5548055268939680599	0.3021351448923713
1	27	1	6	3	-5548055268939680599	0.34248095150434466
1	28	0	6	1	-5548055268939680599	-2.3824507975500917
1	28	0	6	1	-5548055268939680599	1.417559770302455
1	28	0	6	1	-5548055268939680599	0.5114003712881792
1	28	0	6	1	-5548055268939680599	1.1263621975557119
1	28	0	6	1	-5548055268939680599	0.2950267008800591
1	28	0	6	1	-5548055268939680599	-0.3414010931355561
1	28	1	6	3	-5548055268939680599	-0.3938711846192674
1	28	1	6	3	-5548055268939680599	0.12890839668579607
1	28	1	6	3	-5548055268939680599	-0.7899595130702943
1	28	1	6	3	-5548055268939680599	0.5290436728291702
1	28	1	6	3	-5548055268939680599	-1.1185300118129151
1	28	1	6	3	-5548055268939680599	2.260889534637573
1	28	1	6	3	-5548055268939680599	-1.8089148976160405
1	28	1	6	3	-5548055268939680599	1.4346476470617573
1	28	1	6	3	-5548055268939680599	-0.5424386366053432
1	28	1	6	3	-5548055268939680599	1.434715633687124
1	28	1	6	3	-5548055268939680599	-0.22235881652314982
1	28	1	6	3	-5548055268939680599	-0.349959699690519
1	28	1	6	3	-5548055268939680599	-0.20947512824980077
1	28	1	6	3	-5548055268939680599	-0.09168915467807634
1	28	1	6	3	-5548055268939680599	-0.028515099623124925
1	28	1	6	3	-5548055268939680599	2.505074090906832
1	28	1	6	3	-5548055268939680599	1.0468371685000692
1	28	1	6	3	-5548055268939680599	0.8997995358142896
1	29	0	6	1	-5548055268939680599	-0.019022287510934585
1	29	0	6	1	-5548055268939680599	0.4734641292034689
1	29	0	6	1	-5548055268939680599	-1.639300707629463
1	29	0	6	1	-5548055268939680599	-1.4047337917746754
1	29	0	6	1	-5548055268939680599	-0.3430133752192495
1	29	0	6	1	-5548055268939680599	-1.2554460231256268
1	29	1	6	3	-5548055268939680599	-0.12373119424744186
1	29	1	6	3	-5548055268939680599	0.416351061983168
1	29	1	6	3	-5548055268939680599	1.0319961983969392
1	29	1	6	3	-5548055268939680599	1.1238892377981098
1	29	1	6	3	-5548055268939680599	-0.4658696855298307
1	29	1	6	3	-5548055268939680599	0.7370816890296412
1	29	1	6	3	-5548055268939680599	-0.17282030090244732
1	29	1	6	3	-5548055268939680599	-0.6677562999138746
1	29	1	6	3	-5548055268939680599	-0.00772752402045803
1	29	1	6	3	-5548055268939680599	0.06017251857209132
1	29	1	6	3	-5548055268939680599	-0.817447214904442
1	29	1	6	3	-5548055268939680599	1.0152569144476966
1	29	1	6	3	-5548055268939680599	0.019681721968683497
1	29	1	6	3	-5548055268939680599	-0.123330610640959
1	29	1	6	3	-5548055268939680599	1.1256516834503703
1	29	1	6	3	-5548055268939680599	0.1374126277960457
1	29	1	6	3	-5548055268939680599	0.4377188752760564
1	29	1	6	3	-5548055268939680599	-0.04736167460699107
1	30	0	6	1	-5548055268939680599	0.8990789793293298
1	30	0	6	1	-5548055268939680599	-1.0253043548636411
1	30	0	6	1	-5548055268939680599	0.12458119402701359
1	30	0	6	1	-5548055268939680599	0.4281993194137969
1	30	0	6	1	-5548055268939680599	-1.2148380456216108
1	30	0	6	1	-5548055268939680599	-0.7099779942580241
1	30	1	6	3	-5548055268939680599	-0.0366696102512785
1	30	1	6	3	-5548055268939680599	-0.27038473508126587
1	30	1	6	3	-5548055268939680599	0.026991660741183074
1	30	1	6	3	-5548055268939680599	0.10690721086598534
1	30	1	6	3	-5548055268939680599	-0.9441762966033247
1	30	1	6	3	-5548055268939680599	1.1369441638791282
1	30	1	6	3	-5548055268939680599	0.8740844188365542
1	30	1	6	3	-5548055268939680599	0.4751209369341852
1	30	1	6	3	-5548055268939680599	0.972718024248602
1	30	1	6	3	-5548055268939680599	0.532684756726827
1	30	1	6	3	-5548055268939680599	-0.10317616753968327
1	30	1	6	3	-5548055268939680599	-0.8229036015663442
1	30	1	6	3	-5548055268939680599	0.11708707560671398
1	30	1	6	3	-5548055268939680599	0.8040692321315027
1	30	1	6	3	-5548055268939680599	0.1659940148904149
1	30	1	6	3	-5548055268939680599	0.8080994136208114
1	30	1	6	3	-5548055268939680599	2.0453114634048952
1	30	1	6	3	-5548055268939680599	0.18535740456903266
1	31	0	6	1	-5548055268939680599	-0.8481864576711685
1	31	0	6	1	-5548055268939680599	0.2509880265654424
1	31	0	6	1	-5548055268939680599	-0.5631960659560433
1	31	0	6	1	-5548055268939680599	0.3850130656096736
1	31	0	6	1	-5548055268939680599	-0.09159966879477613
1	31	0	6	1	-5548055268939680599	0.33875570152274564
1	31	1	6	3	-5548055268939680599	-0.8292344570267852
1	31	1	6	3	-5548055268939680599	2.1662084654642833
1	31	1	6	3	-5548055268939680599	-1.078666375746689
1	31	1	6	3	-5548055268939680599	-0.08965857385999465
1	31	1	6	3	-5548055268939680599	0.263102941092879
1	31	1	6	3	-5548055268939680599	-1.4688350331422904
1	31	1	6	3	-5548055268939680599	0.9246873045668993
1	31	1	6	3	-5548055268939680599	-1.063033323206132
1	31	1	6	3	-5548055268939680599	-0.507581913208571
1	31	1	6	3	-5548055268939680599	0.20638270877260262
1	31	1	6	3	-5548055268939680599	0.805658661274146
1	31	1	6	3	-5548055268939680599	0.4721710798630149
1	31	1	6	3	-5548055268939680599	-1.6171836520249154
1	31	1	6	3	-5548055268939680599	0.32234525527325253
1	31	1	6	3	-5548055268939680599	1.5165476654125303
1	31	1	6	3	-5548055268939680599	0.15414976301965677
1	31	1	6	3	-5548055268939680599	-1.42913317942339
1	31	1	6	3	-5548055268939680599	-0.11765418713576449
1	32	0	6	1	-5548055268939680599	-0.7518564188256066
1	32	0	6	1	-5548055268939680599	-1.1957693549691841
1	32	0	6	1	-5548055268939680599	-1.4322482992733239
1	32	0	6	1	-5548055268939680599	1.5885142595022341
1	32	0	6	1	-5548055268939680599	0.16358995344885183
1	32	0	6	1	-5548055268939680599	-1.8485534785566144
1	32	1	6	3	-5548055268939680599	-1.143937740442843
1	32	1	6	3	-5548055268939680599	0.12230244576368202
1	32	1	6	3	-5548055268939680599	0.20125616450575454
1	32	1	6	3	-5548055268939680599	-0.3383281624963305
1	32	1	6	3	-5548055268939680599	-0.7602207506951838
1	32	1	6	3	-5548055268939680599	0.2703087987417444
1	32	1	6	3	-5548055268939680599	0.13773054511297791
1	32	1	6	3	-5548055268939680599	-0.9494866049237616
1	32	1	6	3	-5548055268939680599	-0.7452155464917075
1	32	1	6	3	-5548055268939680599	-0.8986809384444601
1	32	1	6	3	-5548055268939680599	-1.2962258628905148
1	32	1	6	3	-5548055268939680599	-0.17155536744078848
1	32	1	6	3	-5548055268939680599	-2.2164376745171874
1	32	1	6	3	-5548055268939680599	0.7520510274321279
1	32	1	6	3	-5548055268939680599	1.6296658981819758
1	32	1	6	3	-5548055268939680599	0.7920243044955049
1	32	1	6	3	-5548055268939680599	-0.3407804442404573
1	32	1	6	3	-5548055268939680599	1.1205415058724497
1	33	0	6	1	-5548055268939680599	-0.22685890078296786
1	33	0	6	1	-5548055268939680599	-0.5495536494923904
1	33	0	6	1	-5548055268939680599	0.0031900793696998417
1	33	0	6	1	-5548055268939680599	-1.3379846655646253
1	33	0	6	1	-5548055268939680599	0.8336856876248361
1	33	0	6	1	-5548055268939680599	0.5179272397105458
1	33	1	6	3	-5548055268939680599	0.6454946464128968
1	33	1	6	3	-5548055268939680599	0.44184981088399095
1	33	1	6	3	-5548055268939680599	0.9445659790195821
1	33	1	6	3	-5548055268939680599	0.5408109446182882
1	33	1	6	3	-5548055268939680599	-1.6642039150963857
1	33	1	6	3	-5548055268939680599	-0.41229875782295233
1	33	1	6	3	-5548055268939680599	-1.2571734808778154
1	33	1	6	3	-5548055268939680599	-1.7698759004151141
1	33	1	6	3	-5548055268939680599	-0.6189590194280076
1	33	1	6	3	-5548055268939680599	0.1930026474898454
1	33	1	6	3	-5548055268939680599	2.1896576140704966
1	33	1	6	3	-5548055268939680599	0.6392692215239951
1	33	1	6	3	-5548055268939680599	-0.40599917449582285
1	33	1	6	3	-5548055268939680599	-0.5004601663456704
1	33	1	6	3	-5548055268939680599	0.07322737950307005
1	33	1	6	3	-5548055268939680599	1.6599219939253886
1	33	1	6	3	-5548055268939680599	0.981781988114956
1	33	1	6	3	-5548055268939680599	2.1476816803806487
1	34	0	6	1	-5548055268939680599	0.46964069481273674
1	34	0	6	1	-5548055268939680599	0.12751178457541146
1	34	0	6	1	-5548055268939680599	0.02941215246874539
1	34	0	6	1	-5548055268939680599	0.731918806834373
1	34	0	6	1	-5548055268939680599	-0.8451741849624198
1	34	0	6	1	-5548055268939680599	0.41952310347432176
1	34	1	6	3	-5548055268939680599	0.42178641412254875
1	34	1	6	3	-5548055268939680599	0.13628902142471253
1	34	1	6	3	-5548055268939680599	1.3961227289397489
1	34	1	6	3	-5548055268939680599	0.49847327587884577
1	34	1	6	3	-5548055268939680599	-0.40808519436286733
1	34	1	6	3	-5548055268939680599	-0.20284869767344152
1	34	1	6	3	-5548055268939680599	0.9454872213302881
1	34	1	6	3	-5548055268939680599	0.7860288737722307
1	34	1	6	3	-5548055268939680599	-0.57445260465641
1	34	1	6	3	-5548055268939680599	1.3304102564148117
1	34	1	6	3	-5548055268939680599	0.501639861689919
1	34	1	6	3	-5548055268939680599	0.4998955174216331
1	34	1	6	3	-5548055268939680599	-0.3340360823012633
1	34	1	6	3	-5548055268939680599	1.6653384473298554
1	34	1	6	3	-5548055268939680599	0.4403294012694062
1	34	1	6	3	-5548055268939680599	-1.2316779918535439
1	34	1	6	3	-5548055268939680599	-0.2573861056539734
1	34	1	6	3	-5548055268939680599	-0.539754321628844
1	35	0	6	1	-5548055268939680599	0.3486390053945124
1	35	0	6	1	-5548055268939680599	0.5296670214376756
1	35	0	6	1	-5548055268939680599	-0.97916584515437
1	35	0	6	1	-5548055268939680599	-0.3370918827193222
1	35	0	6	1	-5548055268939680599	-1.493823121492403
1	35	0	6	1	-5548055268939680599	0.8980330429324177
1	35	1	6	3	-5548055268939680599	-0.8571809892605516
1	35	1	6	3	-5548055268939680599	-0.7863201185462879
1	35	1	6	3	-5548055268939680599	1.2686383977035776
1	35	1	6	3	-5548055268939680599	-0.1824285986732353
1	35	1	6	3	-5548055268939680599	-2.0126406084755133
1	35	1	6	3	-5548055268939680599	-0.2309913890111419
1	35	1	6	3	-5548055268939680599	-0.8487641398340898
1	35	1	6	3	-5548055268939680599	0.21789339771699326
1	35	1	6	3	-5548055268939680599	-0.1717285882433111
1	35	1	6	3	-5548055268939680599	0.2901883919628266
1	35	1	6	3	-5548055268939680599	-0.4966371082013544
1	35	1	6	3	-5548055268939680599	0.46544633381095357
1	35	1	6	3	-5548055268939680599	1.612382131556285
1	35	1	6	3	-5548055268939680599	-0.709402714984186
1	35	1	6	3	-5548055268939680599	-1.8392761629529577
1	35	1	6	3	-5548055268939680599	-1.3336225723513984
1	35	1	6	3	-5548055268939680599	0.7603097396465438
1	35	1	6	3	-5548055268939680599	-1.5372426101928984
1	36	0	6	1	-5548055268939680599	0.12036723005223822
1	36	0	6	1	-5548055268939680599	-1.183033940182648
1	36	0	6	1	-5548055268939680599	-1.043703526908273
1	36	0	6	1	-5548055268939680599	0.4769578280894821
1	36	0	6	1	-5548055268939680599	-0.3791129231516331
1	36	0	6	1	-5548055268939680599	-0.9571067721252118
1	36	1	6	3	-5548055268939680599	-0.30797069253409276
1	36	1	6	3	-5548055268939680599	-0.5931297880659232
1	36	1	6	3	-5548055268939680599	-1.1787655958689165
1	36	1	6	3	-5548055268939680599	0.11676376791601135
1	36	1	6	3	-5548055268939680599	-0.6972234639167534
1	36	1	6	3	-5548055268939680599	0.14234097705389495
1	36	1	6	3	-5548055268939680599	-0.5049791991260492
1	36	1	6	3	-5548055268939680599	0.5514835216929455
1	36	1	6	3	-5548055268939680599	-0.8751692607673917
1	36	1	6	3	-5548055268939680599	-1.1715870074057344
1	36	1	6	3	-5548055268939680599	0.21024841453927
1	36	1	6	3	-5548055268939680599	0.7079981095271145
1	36	1	6	3	-5548055268939680599	0.5580555291497805
1	36	1	6	3	-5548055268939680599	-0.18352023817119323
1	36	1	6	3	-5548055268939680599	-0.18714303523541725
1	36	1	6	3	-5548055268939680599	-0.2536008414264315
1	36	1	6	3	-5548055268939680599	0.5087697293772917
1	36	1	6	3	-5548055268939680599	-0.10984772630744272
1	37	0	6	1	-5548055268939680599	-1.2161878222031997
1	37	0	6	1	-5548055268939680599	2.065928349460916
1	37	0	6	1	-5548055268939680599	-0.5084625284131633
1	37	0	6	1	-5548055268939680599	2.337908293375389
1	37	0	6	1	-5548055268939680599	0.6258166556564907
1	37	0	6	1	-5548055268939680599	0.7273621015366787
1	37	1	6	3	-5548055268939680599	-0.9765264156404074
1	37	1	6	3	-5548055268939680599	-0.6661355989802804
1	37	1	6	3	-5548055268939680599	-0.5532059116905694
1	37	1	6	3	-5548055268939680599	-1.6089630145026752
1	37	1	6	3	-5548055268939680599	1.1340269067832065
1	37	1	6	3	-5548055268939680599	-1.1038818397292107
1	37	1	6	3	-5548055268939680599	-1.1425373466532804
1	37	1	6	3	-5548055268939680599	-1.314076300599244
1	37	1	6	3	-5548055268939680599	-0.001102687547416842
1	37	1	6	3	-5548055268939680599	1.1680686311601038
1	37	1	6	3	-5548055268939680599	0.3694097928370597
1	37	1	6	3	-5548055268939680599	0.04610724106691216
1	37	1	6	3	-5548055268939680599	1.5174019915331387
1	37	1	6	3	-5548055268939680599	1.1094910969157308
1	37	1	6	3	-5548055268939680599	0.492951374603068
1	37	1	6	3	-5548055268939680599	0.7323086377331856
1	37	1	6	3	-5548055268939680599	-0.38460607986477713
1	37	1	6	3	-5548055268939680599	-0.06238185829835568
1	38	0	6	1	-5548055268939680599	1.7014481381366657
1	38	0	6	1	-5548055268939680599	0.09721658495766673
1	38	0	6	1	-5548055268939680599	0.9491299770008068
1	38	0	6	1	-5548055268939680599	-1.0017841273358008
1	38	0	6	1	-5548055268939680599	-0.22669314212203362
1	38	0	6	1	-5548055268939680599	-2.2935806492768664
1	38	1	6	3	-5548055268939680599	-0.6479838898106342
1	38	1	6	3	-5548055268939680599	1.8557574109607704
1	38	1	6	3	-5548055268939680599	-0.5889903581544164
1	38	1	6	3	-5548055268939680599	0.05629961649505758
1	38	1	6	3	-5548055268939680599	0.25386404732021384
1	38	1	6	3	-5548055268939680599	1.3870137880536144
1	38	1	6	3	-5548055268939680599	0.572262888176101
1	38	1	6	3	-5548055268939680599	-1.9106945217705407
1	38	1	6	3	-5548055268939680599	1.0491872682656003
1	38	1	6	3	-5548055268939680599	-0.02583790428936015
1	38	1	6	3	-5548055268939680599	-1.6290024837099975
1	38	1	6	3	-5548055268939680599	0.7478099425952799
1	38	1	6	3	-5548055268939680599	0.8178065205245195
1	38	1	6	3	-5548055268939680599	0.42449828251685384
1	38	1	6	3	-5548055268939680599	0.7219268752361007
1	38	1	6	3	-5548055268939680599	-0.014462959279434251
1	38	1	6	3	-5548055268939680599	-0.7011692508628913
1	38	1	6	3	-5548055268939680599	-0.2771802894426673
